model,K,topN,normalize,div_mode,anchor_L,rel_mode,w_rel,w_novelty,w_longtail,w_div,Recall@10,NDCG@10,Coverage@10,LongTailShare@10,Novelty@10,AvgPopularity@10,seconds
LightGCN-Rerank,10,200,minmax,max,0,raw,0.7,0.0,0.30000000000000004,0.0,0.06341059602649006,0.03226190311537881,0.3783054506206152,0.022019867549668875,9.566091910624346,1549.4729966887417,0.3804614543914795
LightGCN-Rerank,10,200,minmax,max,0,raw,0.7,0.03,0.27,0.0,0.06291390728476821,0.03199211138594402,0.3812736103615758,0.0223841059602649,9.582458072119202,1535.0721026490066,0.3738398551940918
LightGCN-Rerank,10,200,minmax,max,0,raw,0.7,0.05,0.25,0.0,0.06274834437086092,0.031967677855608403,0.3812736103615758,0.022417218543046357,9.591845125725728,1526.3478973509934,0.37574100494384766
LightGCN-Rerank,10,200,minmax,max,0,raw,0.7,0.08,0.22000000000000008,0.0,0.06258278145695365,0.03195025568282014,0.3820831084727469,0.022864238410596028,9.607813845659724,1512.4611423841059,0.4002223014831543
LightGCN-Rerank,10,200,minmax,max,0,raw,0.7,0.0,0.27,0.03,0.06357615894039735,0.03229225956089881,0.3664328116567728,0.01935430463576159,9.543044477551188,1564.6425496688742,5.388666868209839
LightGCN-Rerank,10,200,minmax,max,0,raw,0.7,0.03,0.24,0.03,0.06357615894039735,0.03229279263732495,0.3696708041014571,0.019834437086092716,9.558376947286114,1550.9615066225165,6.207632303237915
LightGCN-Rerank,10,200,minmax,max,0,raw,0.7,0.05,0.21999999999999997,0.03,0.06291390728476821,0.032045179344120704,0.37317862924986506,0.020182119205298013,9.569370854279853,1541.3401490066226,4.900424242019653
LightGCN-Rerank,10,200,minmax,max,0,raw,0.7,0.08,0.19000000000000006,0.03,0.06307947019867549,0.03205425568172103,0.3745277927684835,0.02043046357615894,9.584321095343457,1528.1958774834436,5.162693738937378
LightGCN-Rerank,10,200,minmax,max,0,raw,0.7,0.0,0.25,0.05,0.06291390728476821,0.03209069352680328,0.3602266594711279,0.01793046357615894,9.5288244323541,1574.4960264900662,5.286622762680054
LightGCN-Rerank,10,200,minmax,max,0,raw,0.7,0.03,0.21999999999999997,0.05,0.06274834437086092,0.03206976300793555,0.3667026443604965,0.018493377483443707,9.544945216605205,1560.2508112582782,6.117748022079468
LightGCN-Rerank,10,200,minmax,max,0,raw,0.7,0.05,0.19999999999999996,0.05,0.06291390728476821,0.03209786704533198,0.3683216405828386,0.018956953642384106,9.55537004682402,1551.3972682119206,6.164657831192017
LightGCN-Rerank,10,200,minmax,max,0,raw,0.7,0.08,0.17000000000000004,0.05,0.06225165562913907,0.03180943852233471,0.3696708041014571,0.019288079470198675,9.571417800117013,1537.0389735099338,6.311455249786377
LightGCN-Rerank,10,200,minmax,max,0,raw,0.7,0.0,0.22000000000000008,0.08,0.06258278145695365,0.03199073533407751,0.35590933621154885,0.016059602649006622,9.510233130723435,1587.7862417218544,6.1321117877960205
LightGCN-Rerank,10,200,minmax,max,0,raw,0.7,0.03,0.19000000000000006,0.08,0.06307947019867549,0.032159247368334164,0.3599568267674042,0.01675496688741722,9.526350563346156,1573.892715231788,5.918119668960571
LightGCN-Rerank,10,200,minmax,max,0,raw,0.7,0.05,0.17000000000000004,0.08,0.06291390728476821,0.032135138738926,0.36211548839719376,0.017119205298013244,9.536891657264027,1564.7838410596025,6.145936012268066
LightGCN-Rerank,10,200,minmax,max,0,raw,0.7,0.08,0.14000000000000012,0.08,0.06291390728476821,0.032129227113723596,0.365353480841878,0.01763245033112583,9.552004963593767,1551.2533609271522,5.773974418640137
LightGCN-Rerank,10,200,minmax,max,0,raw,0.8,0.0,0.19999999999999996,0.0,0.06456953642384106,0.03254031963167171,0.34511602806260117,0.014403973509933774,9.488726779167227,1604.2257119205299,0.3849070072174072
LightGCN-Rerank,10,200,minmax,max,0,raw,0.8,0.03,0.16999999999999993,0.0,0.06357615894039735,0.032380504479782315,0.3499730167296276,0.014850993377483444,9.502589587486343,1591.8046026490067,0.3749251365661621
LightGCN-Rerank,10,200,minmax,max,0,raw,0.8,0.05,0.1499999999999999,0.0,0.06357615894039735,0.03241185580485391,0.35267134376686454,0.015248344370860928,9.511769827896396,1584.0096523178809,0.3789093494415283
LightGCN-Rerank,10,200,minmax,max,0,raw,0.8,0.08,0.12,0.0,0.06274834437086092,0.03215143762334166,0.3572584997301673,0.015827814569536424,9.525199157260111,1572.0820198675497,0.3841125965118408
LightGCN-Rerank,10,200,minmax,max,0,raw,0.8,0.0,0.16999999999999993,0.03,0.06440397350993378,0.03248403949023082,0.3402590393955747,0.013625827814569537,9.476187835860726,1613.8396026490066,5.462751626968384
LightGCN-Rerank,10,200,minmax,max,0,raw,0.8,0.03,0.1399999999999999,0.03,0.06407284768211921,0.0323946380080852,0.34349703184025904,0.013956953642384105,9.488997406501644,1602.3939569536424,5.490348815917969
LightGCN-Rerank,10,200,minmax,max,0,raw,0.8,0.05,0.11999999999999988,0.03,0.06390728476821192,0.03249239199344273,0.34592552617377226,0.014271523178807947,9.497631594818948,1594.7868377483444,4.832143545150757
LightGCN-Rerank,10,200,minmax,max,0,raw,0.8,0.08,0.08999999999999997,0.03,0.06291390728476821,0.032204097506524254,0.35186184565569345,0.014917218543046357,9.511978186961041,1582.5005629139073,8.342061758041382
LightGCN-Rerank,10,200,minmax,max,0,raw,0.8,0.0,0.1499999999999999,0.05,0.06440397350993378,0.03242720535875537,0.33702104695089047,0.013013245033112584,9.468097442696426,1620.1524337748344,8.545725584030151
LightGCN-Rerank,10,200,minmax,max,0,raw,0.8,0.03,0.11999999999999988,0.05,0.06423841059602649,0.0324172150965676,0.34052887209929844,0.013543046357615895,9.480632616668348,1609.1612913907284,7.884775638580322
LightGCN-Rerank,10,200,minmax,max,0,raw,0.8,0.05,0.09999999999999987,0.05,0.06390728476821192,0.03234870476819716,0.34430652995143013,0.013758278145695364,9.489510760496783,1601.2540562913907,7.226516008377075
LightGCN-Rerank,10,200,minmax,max,0,raw,0.8,0.08,0.06999999999999995,0.05,0.06274834437086092,0.0321397884250839,0.3475445223961144,0.014188741721854305,9.50284437462194,1589.431821192053,7.250610589981079
LightGCN-Rerank,10,200,minmax,max,0,raw,0.8,0.0,0.12,0.08,0.06473509933774835,0.0325127750040412,0.33297355639503506,0.012317880794701986,9.456592539414665,1629.3840894039736,7.280477523803711
LightGCN-Rerank,10,200,minmax,max,0,raw,0.8,0.03,0.08999999999999997,0.08,0.06456953642384106,0.032512246659134665,0.33675121424716675,0.012798013245033112,9.468902066938135,1618.3835099337748,5.603574752807617
LightGCN-Rerank,10,200,minmax,max,0,raw,0.8,0.05,0.06999999999999995,0.08,0.06423841059602649,0.032419832486217603,0.33971937398812735,0.013079470198675497,9.477038315842483,1611.198559602649,6.199781894683838
LightGCN-Rerank,10,200,minmax,max,0,raw,0.8,0.08,0.040000000000000036,0.08,0.06390728476821192,0.032390945405763684,0.34295736643281166,0.013559602649006623,9.490915928992214,1598.8345529801325,6.862107276916504
LightGCN-Rerank,10,200,minmax,max,0,raw,0.85,0.0,0.15000000000000002,0.0,0.06440397350993378,0.03250513273625184,0.335671883432272,0.012798013245033112,9.46541117639731,1622.238046357616,1.0960044860839844
LightGCN-Rerank,10,200,minmax,max,0,raw,0.85,0.03,0.12,0.0,0.06473509933774835,0.03262788147485605,0.33971937398812735,0.013228476821192053,9.477695003345312,1611.3285927152317,1.167954683303833
LightGCN-Rerank,10,200,minmax,max,0,raw,0.85,0.05,0.09999999999999998,0.0,0.06473509933774835,0.0326578983313594,0.3410685375067458,0.01347682119205298,9.48556967908973,1604.3628476821193,1.1164557933807373
LightGCN-Rerank,10,200,minmax,max,0,raw,0.85,0.08,0.07000000000000006,0.0,0.06390728476821192,0.03253172009437609,0.3448461953588775,0.013973509933774834,9.498343645626345,1593.3103476821193,1.1651341915130615
LightGCN-Rerank,10,200,minmax,max,0,raw,0.85,0.0,0.12,0.03,0.06423841059602649,0.03237578545540348,0.3324338909875877,0.012235099337748344,9.455153263341511,1630.7111423841059,7.369247198104858
LightGCN-Rerank,10,200,minmax,max,0,raw,0.85,0.03,0.08999999999999997,0.03,0.06407284768211921,0.03235409125050223,0.33594171613599566,0.012665562913907285,9.466852900934535,1620.1332450331126,7.492638111114502
LightGCN-Rerank,10,200,minmax,max,0,raw,0.85,0.05,0.06999999999999995,0.03,0.06423841059602649,0.03246445886775685,0.3378305450620615,0.012897350993377483,9.474223384967702,1613.4877814569536,6.599034786224365
LightGCN-Rerank,10,200,minmax,max,0,raw,0.85,0.08,0.040000000000000036,0.03,0.06423841059602649,0.032513073765043,0.34052887209929844,0.013344370860927152,9.48648814657666,1602.7411258278146,6.887191295623779
LightGCN-Rerank,10,200,minmax,max,0,raw,0.85,0.0,0.09999999999999998,0.05,0.06473509933774835,0.032486555368625644,0.3302752293577982,0.011887417218543046,9.448824831286803,1635.877582781457,8.251221179962158
LightGCN-Rerank,10,200,minmax,max,0,raw,0.85,0.03,0.06999999999999995,0.05,0.06390728476821192,0.03226444633052824,0.33297355639503506,0.012268211920529801,9.45998419780605,1625.7198841059603,7.306732177734375
LightGCN-Rerank,10,200,minmax,max,0,raw,0.85,0.05,0.04999999999999993,0.05,0.06374172185430464,0.03233376915188608,0.3354020507285483,0.012533112582781458,9.467605583130918,1619.0334105960264,7.361110210418701
LightGCN-Rerank,10,200,minmax,max,0,raw,0.85,0.08,0.020000000000000018,0.05,0.06390728476821192,0.032435465274169864,0.3386400431732326,0.012963576158940397,9.47921759305411,1608.6023178807948,8.649976968765259
LightGCN-Rerank,10,200,minmax,max,0,raw,0.85,0.0,0.07000000000000006,0.08,0.06490066225165562,0.032529229680112466,0.3273070696168376,0.01152317880794702,9.439973815892706,1643.3826324503311,7.439628601074219
LightGCN-Rerank,10,200,minmax,max,0,raw,0.85,0.03,0.040000000000000036,0.08,0.06490066225165562,0.032478160608237924,0.3310847274689692,0.011788079470198675,9.450526809108178,1633.575331125828,7.995078086853027
LightGCN-Rerank,10,200,minmax,max,0,raw,0.85,0.05,0.020000000000000018,0.08,0.06473509933774835,0.032505089710999725,0.3324338909875877,0.012052980132450332,9.457905255500844,1626.989751655629,6.542525053024292
LightGCN-Rerank,10,200,minmax,max,0,raw,0.9,0.0,0.09999999999999998,0.0,0.06456953642384106,0.032395455286933855,0.33081489476524556,0.011953642384105961,9.448868003302062,1636.112930463576,1.019498348236084
LightGCN-Rerank,10,200,minmax,max,0,raw,0.9,0.03,0.06999999999999995,0.0,0.06456953642384106,0.03256436655800409,0.3332433890987588,0.012251655629139073,9.458705531161353,1627.0892218543047,1.0960712432861328
LightGCN-Rerank,10,200,minmax,max,0,raw,0.9,0.05,0.04999999999999993,0.0,0.06456953642384106,0.032525486984363826,0.33432271991365353,0.012400662251655628,9.46571025977861,1620.4661258278145,1.0384705066680908
LightGCN-Rerank,10,200,minmax,max,0,raw,0.9,0.08,0.020000000000000018,0.0,0.06440397350993378,0.032529836771647974,0.3364813815434431,0.01281456953642384,9.476271109723097,1611.1009437086093,1.0524897575378418
LightGCN-Rerank,10,200,minmax,max,0,raw,0.9,0.0,0.06999999999999995,0.03,0.06506622516556292,0.03256634566921939,0.32757690232056125,0.011556291390728477,9.44008516736378,1643.3416059602648,6.817274570465088
LightGCN-Rerank,10,200,minmax,max,0,raw,0.9,0.03,0.039999999999999925,0.03,0.06440397350993378,0.03237976099464273,0.33054506206152184,0.01183774834437086,9.449926035877885,1634.4451324503311,7.5196874141693115
LightGCN-Rerank,10,200,minmax,max,0,raw,0.9,0.05,0.019999999999999907,0.03,0.06423841059602649,0.03242597926312752,0.3324338909875877,0.012052980132450332,9.457122076378752,1627.8700827814569,6.463000297546387
LightGCN-Rerank,10,200,minmax,max,0,raw,0.9,0.0,0.04999999999999993,0.05,0.06490066225165562,0.03255273724556569,0.3256880733944954,0.011241721854304635,9.43403870912577,1648.3988741721855,6.698724269866943
LightGCN-Rerank,10,200,minmax,max,0,raw,0.9,0.03,0.019999999999999907,0.05,0.06440397350993378,0.03243907095204457,0.3291958985429034,0.011589403973509934,9.444511980157815,1638.8888907284768,6.561351537704468
LightGCN-Rerank,10,200,minmax,max,0,raw,0.9,0.05,0.0,0.05,0.06440397350993378,0.032347577016507964,0.33135456017269294,0.011705298013245033,9.450777557701464,1633.215811258278,6.665125370025635
LightGCN-Rerank,10,200,minmax,max,0,raw,0.9,0.0,0.020000000000000018,0.08,0.06490066225165562,0.03251986907277086,0.3229897463572585,0.010811258278145695,9.42536662985947,1655.6999503311258,6.819119930267334
LightGCN-Rerank,10,200,minmax,max,0,raw,0.95,0.0,0.050000000000000044,0.0,0.06506622516556292,0.032606224610372464,0.32676740420939016,0.011440397350993378,9.434664633353025,1648.110629139073,1.1442718505859375
LightGCN-Rerank,10,200,minmax,max,0,raw,0.95,0.03,0.020000000000000018,0.0,0.06473509933774835,0.032577137210520905,0.33054506206152184,0.01163907284768212,9.444182643843012,1639.3871523178807,1.11037015914917
LightGCN-Rerank,10,200,minmax,max,0,raw,0.95,0.05,0.0,0.0,0.06456953642384106,0.03244539722259954,0.3318942255801403,0.01183774834437086,9.450661961827057,1633.4841721854305,1.1843161582946777
LightGCN-Rerank,10,200,minmax,max,0,raw,0.95,0.0,0.020000000000000018,0.03,0.06456953642384106,0.03242699013584074,0.32433890987587694,0.010910596026490067,9.425906415696176,1655.4290562913907,6.719075679779053
LightGCN-Rerank,10,200,minmax,max,0,raw,0.95,0.0,0.0,0.05,0.06506622516556292,0.03256688085122744,0.3235294117647059,0.010711920529801324,9.421434057879921,1659.3064072847683,6.5383923053741455
NGCF-Rerank,10,200,minmax,max,0,raw,0.7,0.0,0.30000000000000004,0.0,0.06821192052980132,0.034414104113871274,0.5590933621154884,0.06584437086092715,9.92121224344961,1333.3740397350994,1.0997827053070068
NGCF-Rerank,10,200,minmax,max,0,raw,0.7,0.03,0.27,0.0,0.06821192052980132,0.03439870537740532,0.5582838640043173,0.06730132450331126,9.942896880566678,1316.0977649006622,1.1106595993041992
NGCF-Rerank,10,200,minmax,max,0,raw,0.7,0.05,0.25,0.0,0.06837748344370861,0.034474097514996103,0.5563950350782515,0.06806291390728476,9.956787452350389,1304.5422847682119,1.175445318222046
NGCF-Rerank,10,200,minmax,max,0,raw,0.7,0.08,0.22000000000000008,0.0,0.0673841059602649,0.03422189847533041,0.5553157042633567,0.06948675496688742,9.978964113383894,1286.6539238410596,1.1007335186004639
NGCF-Rerank,10,200,minmax,max,0,raw,0.7,0.0,0.27,0.03,0.06854304635761589,0.034622621113353486,0.5372369131138695,0.059056291390728474,9.884368226591326,1351.100215231788,6.846826553344727
NGCF-Rerank,10,200,minmax,max,0,raw,0.7,0.03,0.24,0.03,0.06920529801324503,0.034711835551307406,0.5375067458175931,0.06071192052980132,9.907171551091782,1333.2581125827815,6.2741453647613525
NGCF-Rerank,10,200,minmax,max,0,raw,0.7,0.05,0.21999999999999997,0.03,0.06887417218543046,0.03464990411324029,0.5399352401511063,0.06175496688741722,9.922441223725578,1321.5120198675497,6.198832988739014
NGCF-Rerank,10,200,minmax,max,0,raw,0.7,0.08,0.19000000000000006,0.03,0.06804635761589405,0.03441625667298765,0.5434430652995142,0.06332781456953643,9.945123656411834,1304.1614900662253,6.688250780105591
NGCF-Rerank,10,200,minmax,max,0,raw,0.7,0.0,0.25,0.05,0.06837748344370861,0.034626445389716466,0.5250944414463032,0.05538079470198676,9.863255417062748,1361.6574668874173,7.24216365814209
NGCF-Rerank,10,200,minmax,max,0,raw,0.7,0.03,0.21999999999999997,0.05,0.06854304635761589,0.03457109555568531,0.5286022665947113,0.05710264900662251,9.886394489127278,1343.9103311258277,6.251083135604858
NGCF-Rerank,10,200,minmax,max,0,raw,0.7,0.05,0.19999999999999996,0.05,0.06887417218543046,0.034658469414744736,0.5315704263356719,0.05826158940397351,9.901544150579845,1332.1475993377483,6.236907958984375
NGCF-Rerank,10,200,minmax,max,0,raw,0.7,0.08,0.17000000000000004,0.05,0.06837748344370861,0.03459237273755105,0.5356179168915273,0.06008278145695364,9.92574892830375,1313.7784271523178,6.756265640258789
NGCF-Rerank,10,200,minmax,max,0,raw,0.7,0.0,0.22000000000000008,0.08,0.06854304635761589,0.034686916731075323,0.5156502968159741,0.05074503311258278,9.835474840410498,1376.1777649006622,6.535294771194458
NGCF-Rerank,10,200,minmax,max,0,raw,0.7,0.03,0.19000000000000006,0.08,0.06937086092715232,0.034898334475188114,0.5202374527792768,0.052731788079470196,9.860013480170673,1357.63309602649,6.871939420700073
NGCF-Rerank,10,200,minmax,max,0,raw,0.7,0.05,0.17000000000000004,0.08,0.0695364238410596,0.03481556532805187,0.5234754452239612,0.05413907284768212,9.875922408924987,1345.7745198675498,6.5835442543029785
NGCF-Rerank,10,200,minmax,max,0,raw,0.7,0.08,0.14000000000000012,0.08,0.06920529801324503,0.03486909492545075,0.5269832703723691,0.05607615894039735,9.89989679653913,1327.971821192053,6.596216440200806
NGCF-Rerank,10,200,minmax,max,0,raw,0.8,0.0,0.19999999999999996,0.0,0.0695364238410596,0.03510058323107127,0.5037776578521317,0.04665562913907285,9.807395545804738,1391.6949834437087,1.163670301437378
NGCF-Rerank,10,200,minmax,max,0,raw,0.8,0.03,0.16999999999999993,0.0,0.06970198675496689,0.03506240721155316,0.5045871559633027,0.04812913907284768,9.828049603376957,1375.6504966887417,1.0853002071380615
NGCF-Rerank,10,200,minmax,max,0,raw,0.8,0.05,0.1499999999999999,0.0,0.07052980132450332,0.03526741509341283,0.5086346465191581,0.049172185430463575,9.842137310915435,1364.8760099337749,1.0852224826812744
NGCF-Rerank,10,200,minmax,max,0,raw,0.8,0.08,0.12,0.0,0.0706953642384106,0.035296349681862516,0.5110631408526713,0.05081125827814569,9.862652212183997,1349.5599503311257,1.1588647365570068
NGCF-Rerank,10,200,minmax,max,0,raw,0.8,0.0,0.16999999999999993,0.03,0.06937086092715232,0.03506814817871242,0.496492174851592,0.04407284768211921,9.789949951819237,1401.951059602649,6.695084810256958
NGCF-Rerank,10,200,minmax,max,0,raw,0.8,0.03,0.1399999999999999,0.03,0.0695364238410596,0.03505834989038403,0.5,0.045711920529801324,9.811230320583116,1385.9107781456953,6.683696746826172
NGCF-Rerank,10,200,minmax,max,0,raw,0.8,0.05,0.11999999999999988,0.03,0.07086092715231788,0.0353556427782745,0.5010793308148948,0.04667218543046358,9.824248396418742,1375.710165562914,6.156770706176758
NGCF-Rerank,10,200,minmax,max,0,raw,0.8,0.08,0.08999999999999997,0.03,0.0706953642384106,0.03535312107715034,0.5053966540744739,0.04841059602649007,9.845823619728847,1359.511440397351,6.202202796936035
NGCF-Rerank,10,200,minmax,max,0,raw,0.8,0.0,0.1499999999999999,0.05,0.07003311258278146,0.03529724344237089,0.49136535348084187,0.04263245033112583,9.779018039387584,1408.459619205298,6.483862400054932
NGCF-Rerank,10,200,minmax,max,0,raw,0.8,0.03,0.11999999999999988,0.05,0.06937086092715232,0.03506427946910549,0.49595250944414465,0.044254966887417216,9.800733485790278,1392.089619205298,7.048407316207886
NGCF-Rerank,10,200,minmax,max,0,raw,0.8,0.05,0.09999999999999987,0.05,0.07019867549668875,0.03521052352617738,0.49730167296276306,0.04519867549668874,9.813276053232862,1382.533178807947,6.260651588439941
NGCF-Rerank,10,200,minmax,max,0,raw,0.8,0.08,0.06999999999999995,0.05,0.07086092715231788,0.03541148897226933,0.5005396654074474,0.04675496688741722,9.834433547550478,1366.4587913907285,6.657977342605591
NGCF-Rerank,10,200,minmax,max,0,raw,0.8,0.0,0.12,0.08,0.07003311258278146,0.03531570671407931,0.4854290339989207,0.04096026490066225,9.764229164281428,1417.7703311258279,6.67489218711853
NGCF-Rerank,10,200,minmax,max,0,raw,0.8,0.03,0.08999999999999997,0.08,0.0695364238410596,0.0351269297331098,0.4878575283324339,0.042201986754966885,9.785015839219882,1401.5307119205297,6.28217339515686
NGCF-Rerank,10,200,minmax,max,0,raw,0.8,0.05,0.06999999999999995,0.08,0.06986754966887417,0.03523869300492427,0.4902860226659471,0.04311258278145695,9.798613643346243,1391.373261589404,6.708813428878784
NGCF-Rerank,10,200,minmax,max,0,raw,0.8,0.08,0.040000000000000036,0.08,0.07036423841059603,0.03528565623726508,0.4946033459255262,0.04466887417218543,9.819069985553918,1376.0817715231788,6.521687030792236
NGCF-Rerank,10,200,minmax,max,0,raw,0.85,0.0,0.15000000000000002,0.0,0.06937086092715232,0.035053290894804655,0.48893685914732865,0.04223509933774834,9.776308460772432,1410.0194701986754,1.039743423461914
NGCF-Rerank,10,200,minmax,max,0,raw,0.85,0.03,0.12,0.0,0.06970198675496689,0.035158542622504445,0.4932541824069077,0.04375827814569536,9.796679619448074,1394.5163907284768,0.988356351852417
NGCF-Rerank,10,200,minmax,max,0,raw,0.85,0.05,0.09999999999999998,0.0,0.07019867549668875,0.03525703984274007,0.49433351322180247,0.04481788079470199,9.80945439160265,1385.095380794702,1.0799980163574219
NGCF-Rerank,10,200,minmax,max,0,raw,0.85,0.08,0.07000000000000006,0.0,0.07036423841059603,0.03525616525939211,0.49811117107393416,0.046258278145695365,9.828361183697025,1370.51190397351,1.0235817432403564
NGCF-Rerank,10,200,minmax,max,0,raw,0.85,0.0,0.12,0.03,0.06920529801324503,0.03503594554372242,0.48354020507285483,0.0405794701986755,9.762085550384016,1418.9283609271524,6.994961738586426
NGCF-Rerank,10,200,minmax,max,0,raw,0.85,0.03,0.08999999999999997,0.03,0.06970198675496689,0.035148347570132354,0.4870480302212628,0.041870860927152316,9.781676415465526,1403.9190397350994,6.526576280593872
NGCF-Rerank,10,200,minmax,max,0,raw,0.85,0.05,0.06999999999999995,0.03,0.0695364238410596,0.03508432982034098,0.489476524554776,0.042897350993377485,9.795272506767551,1393.6489900662252,6.815938711166382
NGCF-Rerank,10,200,minmax,max,0,raw,0.85,0.08,0.040000000000000036,0.03,0.0706953642384106,0.03537814974652149,0.49271451699946034,0.044354304635761586,9.81461201726206,1379.1314735099338,6.28167724609375
NGCF-Rerank,10,200,minmax,max,0,raw,0.85,0.0,0.09999999999999998,0.05,0.06920529801324503,0.035025740729030766,0.48057204533189424,0.03960264900662252,9.75319487739083,1424.6433112582781,7.019370794296265
NGCF-Rerank,10,200,minmax,max,0,raw,0.85,0.03,0.06999999999999995,0.05,0.07003311258278146,0.0352899788087767,0.4832703723691311,0.04096026490066225,9.772242643959475,1410.0758609271522,6.633054256439209
NGCF-Rerank,10,200,minmax,max,0,raw,0.85,0.05,0.04999999999999993,0.05,0.06986754966887417,0.03520538543322494,0.4854290339989207,0.041870860927152316,9.785921456703287,1399.531655629139,6.860617399215698
NGCF-Rerank,10,200,minmax,max,0,raw,0.85,0.08,0.020000000000000018,0.05,0.07019867549668875,0.035197647204502684,0.48974635725849974,0.043096026490066226,9.804675842594627,1385.295811258278,6.507315397262573
NGCF-Rerank,10,200,minmax,max,0,raw,0.85,0.0,0.07000000000000006,0.08,0.06986754966887417,0.03529231508049811,0.47652455477603883,0.03812913907284768,9.739475272317597,1433.6913741721855,6.529948711395264
NGCF-Rerank,10,200,minmax,max,0,raw,0.85,0.03,0.040000000000000036,0.08,0.06986754966887417,0.03530136181616132,0.48003237992444686,0.039536423841059605,9.759290244784577,1418.33380794702,6.471255779266357
NGCF-Rerank,10,200,minmax,max,0,raw,0.85,0.05,0.020000000000000018,0.08,0.06970198675496689,0.03519621496879661,0.4824608742579601,0.04043046357615894,9.772561855395109,1408.1270033112582,5.9828574657440186
NGCF-Rerank,10,200,minmax,max,0,raw,0.9,0.0,0.09999999999999998,0.0,0.0695364238410596,0.035114106289018,0.4784133837021047,0.039437086092715234,9.752354245470059,1424.9508278145695,0.3793768882751465
NGCF-Rerank,10,200,minmax,max,0,raw,0.9,0.03,0.06999999999999995,0.0,0.06920529801324503,0.03498057333516737,0.48273070696168374,0.04074503311258278,9.770087638438143,1411.5022185430464,0.38691139221191406
NGCF-Rerank,10,200,minmax,max,0,raw,0.9,0.05,0.04999999999999993,0.0,0.0695364238410596,0.03511808747453753,0.48623853211009177,0.04173841059602649,9.783728308188206,1401.128509933775,0.37894392013549805
NGCF-Rerank,10,200,minmax,max,0,raw,0.9,0.08,0.020000000000000018,0.0,0.07003311258278146,0.03511525793183327,0.48812736103615756,0.04294701986754967,9.801259065953312,1387.5914238410596,0.3784635066986084
NGCF-Rerank,10,200,minmax,max,0,raw,0.9,0.0,0.06999999999999995,0.03,0.06970198675496689,0.03519323008409692,0.4749055585536967,0.038062913907284765,9.739872667110518,1433.2716721854304,5.380589008331299
NGCF-Rerank,10,200,minmax,max,0,raw,0.9,0.03,0.039999999999999925,0.03,0.06937086092715232,0.03513944101405401,0.4778737182946573,0.03935430463576159,9.7579797899802,1419.1950496688742,5.1601197719573975
NGCF-Rerank,10,200,minmax,max,0,raw,0.9,0.05,0.019999999999999907,0.03,0.06903973509933775,0.03499267044691976,0.4811117107393416,0.04039735099337748,9.770738571100678,1409.6591390728477,4.85784912109375
NGCF-Rerank,10,200,minmax,max,0,raw,0.9,0.0,0.04999999999999993,0.05,0.07003311258278146,0.03536772845136404,0.47220723151645977,0.037102649006622516,9.731444078281227,1438.8104304635763,5.283336400985718
NGCF-Rerank,10,200,minmax,max,0,raw,0.9,0.03,0.019999999999999907,0.05,0.0695364238410596,0.0352468572538914,0.4757150566648678,0.0384271523178808,9.749987433161957,1424.2446357615895,4.993648052215576
NGCF-Rerank,10,200,minmax,max,0,raw,0.9,0.05,0.0,0.05,0.06970198675496689,0.03520620697191932,0.478143550998381,0.03932119205298013,9.761557502699214,1415.4592880794703,5.692908048629761
NGCF-Rerank,10,200,minmax,max,0,raw,0.9,0.0,0.020000000000000018,0.08,0.0706953642384106,0.035708511847758556,0.46708041014570967,0.03581125827814569,9.719849489208878,1446.098427152318,6.488177299499512
NGCF-Rerank,10,200,minmax,max,0,raw,0.95,0.0,0.050000000000000044,0.0,0.06986754966887417,0.03531252844547964,0.47058823529411764,0.0369205298013245,9.731259077132142,1438.3758774834437,0.38091301918029785
NGCF-Rerank,10,200,minmax,max,0,raw,0.95,0.03,0.020000000000000018,0.0,0.06937086092715232,0.03510265474656945,0.47436589314624933,0.0381953642384106,9.748399541062234,1425.257367549669,0.3822133541107178
NGCF-Rerank,10,200,minmax,max,0,raw,0.95,0.05,0.0,0.0,0.06937086092715232,0.03506935422656357,0.47760388559093364,0.03917218543046357,9.760602404392317,1415.988344370861,0.4721071720123291
NGCF-Rerank,10,200,minmax,max,0,raw,0.95,0.0,0.020000000000000018,0.03,0.07003311258278146,0.035422745371872615,0.46681057744198595,0.03584437086092715,9.72103608169303,1445.1476324503312,5.392187595367432
NGCF-Rerank,10,200,minmax,max,0,raw,0.95,0.0,0.0,0.05,0.0706953642384106,0.03565887432000146,0.46438208310847273,0.03528145695364238,9.714789668708448,1449.42059602649,5.57549524307251
MMGCN-Rerank,10,200,minmax,max,0,raw,0.7,0.0,0.30000000000000004,0.0,0.06341059602649006,0.03262542730832651,0.38235294117647056,0.02294701986754967,9.570315795355285,1548.5920198675497,0.3858010768890381
MMGCN-Rerank,10,200,minmax,max,0,raw,0.7,0.03,0.27,0.0,0.06324503311258278,0.03258325995646393,0.382892606583918,0.023211920529801325,9.586010257960945,1534.6506291390729,0.3826885223388672
MMGCN-Rerank,10,200,minmax,max,0,raw,0.7,0.05,0.25,0.0,0.06324503311258278,0.03256182885919376,0.3842417701025364,0.023543046357615893,9.59657091279693,1525.3774006622516,0.3957819938659668
MMGCN-Rerank,10,200,minmax,max,0,raw,0.7,0.08,0.22000000000000008,0.0,0.06258278145695365,0.032370363919929236,0.38613059902860225,0.023758278145695363,9.611545475397678,1512.0540066225165,0.386554479598999
MMGCN-Rerank,10,200,minmax,max,0,raw,0.7,0.0,0.27,0.03,0.06374172185430464,0.032668791434322005,0.3704803022126282,0.019503311258278144,9.544736408729428,1564.7720033112582,5.530915260314941
MMGCN-Rerank,10,200,minmax,max,0,raw,0.7,0.03,0.24,0.03,0.06374172185430464,0.03283917485034911,0.3737182946573125,0.020149006622516556,9.562039414367929,1549.9928311258277,5.606367111206055
MMGCN-Rerank,10,200,minmax,max,0,raw,0.7,0.05,0.21999999999999997,0.03,0.06390728476821192,0.03280424663290645,0.37560712358337833,0.02033112582781457,9.573212870398894,1540.1512417218544,4.673520088195801
MMGCN-Rerank,10,200,minmax,max,0,raw,0.7,0.08,0.19000000000000006,0.03,0.06291390728476821,0.03248755222062147,0.3783054506206152,0.020927152317880796,9.588889620209372,1526.635165562914,3.894404888153076
MMGCN-Rerank,10,200,minmax,max,0,raw,0.7,0.0,0.25,0.05,0.06456953642384106,0.03286677706848289,0.36400431732325955,0.01751655629139073,9.530296798920789,1574.4396523178807,4.31573224067688
MMGCN-Rerank,10,200,minmax,max,0,raw,0.7,0.03,0.21999999999999997,0.05,0.06423841059602649,0.032909726343754706,0.36778197517539124,0.018327814569536423,9.547786127589397,1559.478261589404,5.215801239013672
MMGCN-Rerank,10,200,minmax,max,0,raw,0.7,0.05,0.19999999999999996,0.05,0.06407284768211921,0.032861949542280264,0.3704803022126282,0.01880794701986755,9.558976756610617,1549.7985430463575,6.001839637756348
MMGCN-Rerank,10,200,minmax,max,0,raw,0.7,0.08,0.17000000000000004,0.05,0.06374172185430464,0.03274333283265324,0.3750674581759309,0.019486754966887416,9.576053007549008,1535.3325165562915,6.13502836227417
MMGCN-Rerank,10,200,minmax,max,0,raw,0.7,0.0,0.22000000000000008,0.08,0.06440397350993378,0.03281344434602408,0.35644900161899623,0.015678807947019868,9.511952215441015,1587.1407947019868,6.133553743362427
MMGCN-Rerank,10,200,minmax,max,0,raw,0.7,0.03,0.19000000000000006,0.08,0.06456953642384106,0.03297994893322195,0.36157582298974633,0.016125827814569536,9.527965695273798,1573.1393874172186,6.3287529945373535
MMGCN-Rerank,10,200,minmax,max,0,raw,0.7,0.05,0.17000000000000004,0.08,0.06407284768211921,0.03286495249064274,0.36427415002698327,0.01685430463576159,9.539927041783239,1563.2210927152319,6.1649980545043945
MMGCN-Rerank,10,200,minmax,max,0,raw,0.7,0.08,0.14000000000000012,0.08,0.06407284768211921,0.03285029728486851,0.36805180787911496,0.017599337748344372,9.556717963123953,1548.8152649006622,5.017862558364868
MMGCN-Rerank,10,200,minmax,max,0,raw,0.8,0.0,0.19999999999999996,0.0,0.06357615894039735,0.03250729463556936,0.3472746896923907,0.014089403973509934,9.490580360857857,1602.8046026490067,0.38315510749816895
MMGCN-Rerank,10,200,minmax,max,0,raw,0.8,0.03,0.16999999999999993,0.0,0.06341059602649006,0.032530325297067834,0.35213167835941717,0.014635761589403974,9.504085826273785,1591.0454470198677,0.3826892375946045
MMGCN-Rerank,10,200,minmax,max,0,raw,0.8,0.05,0.1499999999999999,0.0,0.06291390728476821,0.03235635558247786,0.35429033998920667,0.015033112582781456,9.513399634866525,1583.1551158940397,0.3799417018890381
MMGCN-Rerank,10,200,minmax,max,0,raw,0.8,0.08,0.12,0.0,0.06324503311258278,0.03249535203939113,0.3594171613599568,0.015711920529801325,9.528491062202201,1570.2618543046358,0.38552331924438477
MMGCN-Rerank,10,200,minmax,max,0,raw,0.8,0.0,0.16999999999999993,0.03,0.0652317880794702,0.03310836820049101,0.34430652995143013,0.013311258278145695,9.478615126783485,1612.1163245033113,5.447465181350708
MMGCN-Rerank,10,200,minmax,max,0,raw,0.8,0.03,0.1399999999999999,0.03,0.06423841059602649,0.03271763843331365,0.3472746896923907,0.013675496688741722,9.492141468998613,1600.0928973509933,6.045712232589722
MMGCN-Rerank,10,200,minmax,max,0,raw,0.8,0.05,0.11999999999999988,0.03,0.06390728476821192,0.03260469163614053,0.34916351861845657,0.013990066225165562,9.500966317748391,1592.5949668874173,5.550316333770752
MMGCN-Rerank,10,200,minmax,max,0,raw,0.8,0.08,0.08999999999999997,0.03,0.06374172185430464,0.03271362221416868,0.35429033998920667,0.014586092715231789,9.514615803933301,1580.8444370860927,5.14867901802063
MMGCN-Rerank,10,200,minmax,max,0,raw,0.8,0.0,0.1499999999999999,0.05,0.06572847682119205,0.03327720433105816,0.3416082029141932,0.012798013245033112,9.47161524066862,1617.6924172185431,5.967410326004028
MMGCN-Rerank,10,200,minmax,max,0,raw,0.8,0.03,0.11999999999999988,0.05,0.06539735099337748,0.03302794159089237,0.3448461953588775,0.013211920529801325,9.484487154262744,1606.2038741721854,6.216448068618774
MMGCN-Rerank,10,200,minmax,max,0,raw,0.8,0.05,0.09999999999999987,0.05,0.06490066225165562,0.032906246509967776,0.3475445223961144,0.013509933774834438,9.49321872859601,1598.6445860927151,5.845422983169556
MMGCN-Rerank,10,200,minmax,max,0,raw,0.8,0.08,0.06999999999999995,0.05,0.06456953642384106,0.03279704539401459,0.3507825148407987,0.01390728476821192,9.506639569010956,1586.8733443708609,6.157355546951294
MMGCN-Rerank,10,200,minmax,max,0,raw,0.8,0.0,0.12,0.08,0.06572847682119205,0.03314793864272022,0.33729087965461413,0.01216887417218543,9.460415126519488,1626.4837086092716,6.14249062538147
MMGCN-Rerank,10,200,minmax,max,0,raw,0.8,0.03,0.08999999999999997,0.08,0.06572847682119205,0.033171976761790664,0.3418780356179169,0.012698675496688742,9.474008946813495,1614.6874337748345,6.252457618713379
MMGCN-Rerank,10,200,minmax,max,0,raw,0.8,0.05,0.06999999999999995,0.08,0.06556291390728476,0.033077973515333065,0.34295736643281166,0.012947019867549668,9.48247835198775,1607.1365066225167,5.551376819610596
MMGCN-Rerank,10,200,minmax,max,0,raw,0.8,0.08,0.040000000000000036,0.08,0.06506622516556292,0.03304563324352206,0.3478143550998381,0.013327814569536424,9.49549564389993,1595.712201986755,5.991461992263794
MMGCN-Rerank,10,200,minmax,max,0,raw,0.85,0.0,0.15000000000000002,0.0,0.0652317880794702,0.03310393717144052,0.3416082029141932,0.012599337748344371,9.468932426307376,1619.6001490066226,0.3794405460357666
MMGCN-Rerank,10,200,minmax,max,0,raw,0.85,0.03,0.12,0.0,0.06390728476821192,0.03263184653438813,0.34430652995143013,0.01316225165562914,9.481548955898411,1608.712119205298,0.37615489959716797
MMGCN-Rerank,10,200,minmax,max,0,raw,0.85,0.05,0.09999999999999998,0.0,0.06390728476821192,0.03267857197260222,0.347004856988667,0.013344370860927152,9.489478780844353,1601.5960596026491,0.3792595863342285
MMGCN-Rerank,10,200,minmax,max,0,raw,0.85,0.08,0.07000000000000006,0.0,0.06374172185430464,0.032592882040124206,0.34943335132218023,0.013841059602649006,9.502009163692298,1590.774784768212,0.3856945037841797
MMGCN-Rerank,10,200,minmax,max,0,raw,0.85,0.0,0.12,0.03,0.0652317880794702,0.032929274909911516,0.33675121424716675,0.012003311258278146,9.458254279885072,1628.1007781456954,5.439004898071289
MMGCN-Rerank,10,200,minmax,max,0,raw,0.85,0.03,0.08999999999999997,0.03,0.06556291390728476,0.03320509961030808,0.3410685375067458,0.0125,9.47119328847784,1616.900844370861,5.391096591949463
MMGCN-Rerank,10,200,minmax,max,0,raw,0.85,0.05,0.06999999999999995,0.03,0.0652317880794702,0.03308095466898245,0.34268753372908795,0.012698675496688742,9.478884344906207,1610.131523178808,5.587535381317139
MMGCN-Rerank,10,200,minmax,max,0,raw,0.85,0.08,0.040000000000000036,0.03,0.06456953642384106,0.032804041164357714,0.34592552617377226,0.013178807947019868,9.491602236561429,1599.111986754967,5.8948447704315186
MMGCN-Rerank,10,200,minmax,max,0,raw,0.85,0.0,0.09999999999999998,0.05,0.0652317880794702,0.0328875305728913,0.33351322180248244,0.01162251655629139,9.451491109140662,1633.4137913907284,5.500965118408203
MMGCN-Rerank,10,200,minmax,max,0,raw,0.85,0.03,0.06999999999999995,0.05,0.06556291390728476,0.03317040323832489,0.3378305450620615,0.012119205298013245,9.464096452463542,1622.5691225165563,6.06501579284668
MMGCN-Rerank,10,200,minmax,max,0,raw,0.85,0.05,0.04999999999999993,0.05,0.06539735099337748,0.03298431402480626,0.34052887209929844,0.0123841059602649,9.472028366982542,1615.6637086092715,5.360268831253052
MMGCN-Rerank,10,200,minmax,max,0,raw,0.85,0.08,0.020000000000000018,0.05,0.06506622516556292,0.03299807097153431,0.34349703184025904,0.012880794701986754,9.484895274244398,1604.5351490066225,5.1079185009002686
MMGCN-Rerank,10,200,minmax,max,0,raw,0.85,0.0,0.07000000000000006,0.08,0.06556291390728476,0.03308068517245009,0.3294657312466271,0.011026490066225166,9.441306647149142,1641.5277483443708,5.829548120498657
MMGCN-Rerank,10,200,minmax,max,0,raw,0.85,0.03,0.040000000000000036,0.08,0.06539735099337748,0.033086650745698616,0.3327037236913114,0.01152317880794702,9.45394338975679,1630.6495695364238,5.855722427368164
MMGCN-Rerank,10,200,minmax,max,0,raw,0.85,0.05,0.020000000000000018,0.08,0.06506622516556292,0.033009514542205874,0.33594171613599566,0.01183774834437086,9.462473745867117,1623.1933774834438,5.644245147705078
MMGCN-Rerank,10,200,minmax,max,0,raw,0.9,0.0,0.09999999999999998,0.0,0.0652317880794702,0.032889579718492955,0.3327037236913114,0.01152317880794702,9.450589662782404,1634.150844370861,0.3834397792816162
MMGCN-Rerank,10,200,minmax,max,0,raw,0.9,0.03,0.06999999999999995,0.0,0.06506622516556292,0.03297628329773093,0.33756071235833784,0.011986754966887418,9.462210803805597,1624.0788245033114,0.37505245208740234
MMGCN-Rerank,10,200,minmax,max,0,raw,0.9,0.05,0.04999999999999993,0.0,0.06506622516556292,0.0329367690053706,0.33971937398812735,0.01228476821192053,9.470600744335856,1616.714155629139,0.3802824020385742
MMGCN-Rerank,10,200,minmax,max,0,raw,0.9,0.08,0.020000000000000018,0.0,0.06423841059602649,0.03279031922740204,0.34295736643281166,0.01271523178807947,9.482109861942316,1606.6770529801324,0.38008999824523926
MMGCN-Rerank,10,200,minmax,max,0,raw,0.9,0.0,0.06999999999999995,0.03,0.06506622516556292,0.03282199304810748,0.3291958985429034,0.011009933774834437,9.440925611691759,1641.7627649006622,5.503648281097412
MMGCN-Rerank,10,200,minmax,max,0,raw,0.9,0.03,0.039999999999999925,0.03,0.0652317880794702,0.0329685099250301,0.3340528872099298,0.011490066225165563,9.453021975353064,1631.4250993377484,4.046531915664673
MMGCN-Rerank,10,200,minmax,max,0,raw,0.9,0.05,0.019999999999999907,0.03,0.06506622516556292,0.03300336303909914,0.335671883432272,0.011754966887417218,9.46028645125446,1625.0719536423842,3.905974864959717
MMGCN-Rerank,10,200,minmax,max,0,raw,0.9,0.0,0.04999999999999993,0.05,0.06506622516556292,0.032797777398328065,0.32784673502428496,0.010794701986754966,9.435198419804605,1646.4715562913907,4.074688673019409
MMGCN-Rerank,10,200,minmax,max,0,raw,0.9,0.03,0.019999999999999907,0.05,0.06490066225165562,0.032801897921895425,0.33081489476524556,0.011225165562913907,9.446680372598156,1636.4920529801325,4.018712282180786
MMGCN-Rerank,10,200,minmax,max,0,raw,0.9,0.05,0.0,0.05,0.0652317880794702,0.03300003262217883,0.33351322180248244,0.011539735099337749,9.454902257319318,1629.4675,4.388960599899292
MMGCN-Rerank,10,200,minmax,max,0,raw,0.9,0.0,0.020000000000000018,0.08,0.06506622516556292,0.03271418970873994,0.3259579060982191,0.01054635761589404,9.427462838359226,1653.1637913907284,3.8528735637664795
MMGCN-Rerank,10,200,minmax,max,0,raw,0.95,0.0,0.050000000000000044,0.0,0.0652317880794702,0.03282019392855453,0.32784673502428496,0.010844370860927151,9.435876283440368,1646.1717052980132,0.41363096237182617
MMGCN-Rerank,10,200,minmax,max,0,raw,0.95,0.03,0.020000000000000018,0.0,0.06506622516556292,0.032883653121344704,0.33081489476524556,0.01119205298013245,9.446162866772406,1636.9073509933776,0.41773223876953125
MMGCN-Rerank,10,200,minmax,max,0,raw,0.95,0.05,0.0,0.0,0.06490066225165562,0.03293292155132669,0.33297355639503506,0.011374172185430463,9.453327127229299,1630.6794205298013,0.4089040756225586
MMGCN-Rerank,10,200,minmax,max,0,raw,0.95,0.0,0.020000000000000018,0.03,0.06572847682119205,0.032944132207931576,0.3248785752833243,0.010496688741721855,9.427629053545314,1652.9217880794702,3.975243330001831
MMGCN-Rerank,10,200,minmax,max,0,raw,0.95,0.0,0.0,0.05,0.06539735099337748,0.032836314768344525,0.3240690771721533,0.01031456953642384,9.42260865483063,1657.1605132450331,4.013155460357666
HybridNCF-Rerank,10,200,minmax,max,3,rank,0.7,0.0,0.30000000000000004,0.0,0.009602649006622516,0.004627463487214326,0.09498111171073934,0.5447350993377483,14.37276383614698,422.8395033112583,0.4052164554595947
HybridNCF-Rerank,10,200,minmax,max,3,rank,0.7,0.03,0.27,0.0,0.008278145695364239,0.004227781818532607,0.0960604425256341,0.5738245033112582,14.497459302769592,380.0149503311258,0.4856877326965332
HybridNCF-Rerank,10,200,minmax,max,3,rank,0.7,0.05,0.25,0.0,0.008112582781456953,0.004150197618838017,0.09579060982191041,0.5917880794701986,14.575508390530846,353.6964072847682,0.3952903747558594
HybridNCF-Rerank,10,200,minmax,max,3,rank,0.7,0.08,0.22000000000000008,0.0,0.007119205298013245,0.0038543098024056517,0.09471127900701565,0.6168046357615894,14.678209950639712,319.2960099337748,0.3996236324310303
HybridNCF-Rerank,10,200,minmax,max,3,rank,0.7,0.0,0.27,0.03,0.009437086092715232,0.004607465671829087,0.09794927145169995,0.5227649006622517,14.120283239014102,448.16271523178807,1.858846664428711
HybridNCF-Rerank,10,200,minmax,max,3,rank,0.7,0.03,0.24,0.03,0.008774834437086093,0.004373512966416258,0.09740960604425257,0.5503311258278145,14.237262460538094,406.3580629139073,1.845264196395874
HybridNCF-Rerank,10,200,minmax,max,3,rank,0.7,0.05,0.21999999999999997,0.03,0.008443708609271523,0.004248452987005559,0.09848893685914732,0.5690066225165563,14.320411667255376,378.25864238410594,1.8304593563079834
HybridNCF-Rerank,10,200,minmax,max,3,rank,0.7,0.08,0.19000000000000006,0.03,0.007781456953642384,0.004051076362285388,0.09713977334052887,0.5960596026490066,14.428288121049768,340.6071688741722,1.9525432586669922
HybridNCF-Rerank,10,200,minmax,max,3,rank,0.7,0.0,0.25,0.05,0.01009933774834437,0.004823696697142177,0.0992984349703184,0.5068211920529802,13.938660324251416,466.9822516556291,2.0571751594543457
HybridNCF-Rerank,10,200,minmax,max,3,rank,0.7,0.03,0.21999999999999997,0.05,0.009437086092715232,0.004583068562142285,0.09956826767404209,0.5345198675496688,14.057160572358315,424.8932450331126,2.05505633354187
HybridNCF-Rerank,10,200,minmax,max,3,rank,0.7,0.05,0.19999999999999996,0.05,0.009271523178807948,0.004509977631570079,0.09983810037776579,0.5536423841059602,14.145384568015471,394.89061258278144,2.0834925174713135
HybridNCF-Rerank,10,200,minmax,max,3,rank,0.7,0.08,0.17000000000000004,0.05,0.008443708609271523,0.004253042499598059,0.09983810037776579,0.5817880794701987,14.261127995434187,355.76240066225165,1.9866621494293213
HybridNCF-Rerank,10,200,minmax,max,3,rank,0.7,0.0,0.22000000000000008,0.08,0.010596026490066225,0.004997975092174066,0.10145709660010793,0.48200331125827817,13.660756590018998,497.5270033112583,1.8407845497131348
HybridNCF-Rerank,10,200,minmax,max,3,rank,0.7,0.03,0.19000000000000006,0.08,0.009437086092715232,0.004615364481095145,0.10118726389638424,0.510364238410596,13.786357192030016,452.5683774834437,1.8332455158233643
HybridNCF-Rerank,10,200,minmax,max,3,rank,0.7,0.05,0.17000000000000004,0.08,0.009105960264900662,0.004486657460216783,0.10118726389638424,0.5293377483443709,13.867929553922439,423.39996688741724,1.9540684223175049
HybridNCF-Rerank,10,200,minmax,max,3,rank,0.7,0.08,0.14000000000000012,0.08,0.008609271523178808,0.004341788801291557,0.10307609282245007,0.5570364238410596,13.98146684885025,381.64937086092715,1.8333089351654053
HybridNCF-Rerank,10,200,minmax,max,3,rank,0.8,0.0,0.19999999999999996,0.0,0.011258278145695364,0.0052582027046512774,0.10361575822989746,0.43493377483443707,13.226797927010137,535.5855960264901,0.3909010887145996
HybridNCF-Rerank,10,200,minmax,max,3,rank,0.8,0.03,0.16999999999999993,0.0,0.011258278145695364,0.00521515256784946,0.10496492174851592,0.4614072847682119,13.339089915973462,496.74635761589406,0.3908839225769043
HybridNCF-Rerank,10,200,minmax,max,3,rank,0.8,0.05,0.1499999999999999,0.0,0.010596026490066225,0.004996062730628709,0.10496492174851592,0.48144039735099337,13.424483796255478,466.1855629139073,0.3974320888519287
HybridNCF-Rerank,10,200,minmax,max,3,rank,0.8,0.08,0.12,0.0,0.009602649006622516,0.004664987377541521,0.10631408526713437,0.5099006622516556,13.541783392618823,423.7382450331126,0.40407776832580566
HybridNCF-Rerank,10,200,minmax,max,3,rank,0.8,0.0,0.16999999999999993,0.03,0.01142384105960265,0.0053328218528308855,0.10550458715596331,0.41503311258278147,12.992284733743857,558.3050993377483,1.8407466411590576
HybridNCF-Rerank,10,200,minmax,max,3,rank,0.8,0.03,0.1399999999999999,0.03,0.01142384105960265,0.005280757993686597,0.10550458715596331,0.4397516556291391,13.092880498857687,522.4748178807947,1.807307243347168
HybridNCF-Rerank,10,200,minmax,max,3,rank,0.8,0.05,0.11999999999999988,0.03,0.01076158940397351,0.005068459389181999,0.10739341608202914,0.45925496688741724,13.177182209333836,492.1679966887417,1.838698148727417
HybridNCF-Rerank,10,200,minmax,max,3,rank,0.8,0.08,0.08999999999999997,0.03,0.010264900662251655,0.004890523029888446,0.10820291419320022,0.4880629139072848,13.298321009771714,448.3791059602649,1.9241065979003906
HybridNCF-Rerank,10,200,minmax,max,3,rank,0.8,0.0,0.1499999999999999,0.05,0.012086092715231788,0.005565987091437248,0.10604425256341068,0.40122516556291393,12.831630989242074,574.6499006622516,1.839026689529419
HybridNCF-Rerank,10,200,minmax,max,3,rank,0.8,0.03,0.11999999999999988,0.05,0.01142384105960265,0.005319416342274454,0.10739341608202914,0.4258609271523179,12.932648985749049,537.5812748344371,1.8623778820037842
HybridNCF-Rerank,10,200,minmax,max,3,rank,0.8,0.05,0.09999999999999987,0.05,0.010927152317880795,0.005121398280083867,0.10982191041554236,0.4448013245033113,13.014031396938476,507.33385761589403,1.7841153144836426
HybridNCF-Rerank,10,200,minmax,max,3,rank,0.8,0.08,0.06999999999999995,0.05,0.01076158940397351,0.005055513059190204,0.1117107393416082,0.4717880794701987,13.126529410753818,465.5491556291391,1.820406198501587
HybridNCF-Rerank,10,200,minmax,max,3,rank,0.8,0.0,0.12,0.08,0.012913907284768211,0.005854172375343049,0.11009174311926606,0.378841059602649,12.581909395022109,600.3268377483444,1.799473524093628
HybridNCF-Rerank,10,200,minmax,max,3,rank,0.8,0.03,0.08999999999999997,0.08,0.012417218543046357,0.005635751788447171,0.1117107393416082,0.4036754966887417,12.688193834396387,561.9528973509933,1.7761869430541992
HybridNCF-Rerank,10,200,minmax,max,3,rank,0.8,0.05,0.06999999999999995,0.08,0.01142384105960265,0.005305273652798105,0.11090124123043713,0.4224834437086093,12.766910114446222,532.3974172185431,1.796226978302002
HybridNCF-Rerank,10,200,minmax,max,3,rank,0.8,0.08,0.040000000000000036,0.08,0.01076158940397351,0.005092245881968713,0.11359956826767405,0.4502483443708609,12.885838165298992,488.5676821192053,1.783667802810669
HybridNCF-Rerank,10,200,minmax,max,3,rank,0.85,0.0,0.15000000000000002,0.0,0.011754966887417218,0.005471518785152935,0.10712358337830545,0.3902152317880795,12.755528666041545,581.2426986754967,0.3898124694824219
HybridNCF-Rerank,10,200,minmax,max,3,rank,0.85,0.03,0.12,0.0,0.01142384105960265,0.005319984815027078,0.10739341608202914,0.4147019867549669,12.850970223755237,547.1060264900663,0.3809487819671631
HybridNCF-Rerank,10,200,minmax,max,3,rank,0.85,0.05,0.09999999999999998,0.0,0.01109271523178808,0.005192970104754951,0.10820291419320022,0.43312913907284767,12.930992986998021,516.9754304635761,0.38399457931518555
HybridNCF-Rerank,10,200,minmax,max,3,rank,0.85,0.08,0.07000000000000006,0.0,0.010264900662251655,0.004912904256967035,0.11009174311926606,0.46135761589403973,13.048083919736722,473.9762748344371,0.387129545211792
HybridNCF-Rerank,10,200,minmax,max,3,rank,0.85,0.0,0.12,0.03,0.012582781456953643,0.005757777183977154,0.1084727468969239,0.37119205298013247,12.53105324130974,602.370215231788,1.8266336917877197
HybridNCF-Rerank,10,200,minmax,max,3,rank,0.85,0.03,0.08999999999999997,0.03,0.011920529801324504,0.0054861574430307035,0.11009174311926606,0.393841059602649,12.61860634664826,570.078178807947,1.8127710819244385
HybridNCF-Rerank,10,200,minmax,max,3,rank,0.85,0.05,0.06999999999999995,0.03,0.011754966887417218,0.005403499465169471,0.11036157582298975,0.41193708609271523,12.695521661287902,541.5801324503311,1.778968334197998
HybridNCF-Rerank,10,200,minmax,max,3,rank,0.85,0.08,0.040000000000000036,0.03,0.01109271523178808,0.0051779323218414325,0.11198057204533189,0.4408609271523179,12.817158471022221,497.810678807947,1.8345921039581299
HybridNCF-Rerank,10,200,minmax,max,3,rank,0.85,0.0,0.09999999999999998,0.05,0.013079470198675497,0.0059467581043730474,0.11036157582298975,0.35832781456953644,12.379361607302103,617.4487086092715,1.8771698474884033
HybridNCF-Rerank,10,200,minmax,max,3,rank,0.85,0.03,0.06999999999999995,0.05,0.012417218543046357,0.005690322892288762,0.1117107393416082,0.38125827814569535,12.477655319472811,583.356523178808,1.8200764656066895
HybridNCF-Rerank,10,200,minmax,max,3,rank,0.85,0.05,0.04999999999999993,0.05,0.011589403973509934,0.0053949077258769905,0.11198057204533189,0.39925496688741724,12.554339305138745,555.4332119205299,1.8027987480163574
HybridNCF-Rerank,10,200,minmax,max,3,rank,0.85,0.08,0.020000000000000018,0.05,0.011589403973509934,0.005339544181938054,0.11413923367512142,0.42779801324503314,12.677195994048718,511.2506953642384,1.8086040019989014
HybridNCF-Rerank,10,200,minmax,max,3,rank,0.85,0.0,0.07000000000000006,0.08,0.013079470198675497,0.006008764497273357,0.11467889908256881,0.3405960264900662,12.175061262743363,637.7253311258278,1.807724952697754
HybridNCF-Rerank,10,200,minmax,max,3,rank,0.85,0.03,0.040000000000000036,0.08,0.012748344370860927,0.005837447252309163,0.11602806260118727,0.363476821192053,12.27305708037307,602.7342715231788,1.8226780891418457
HybridNCF-Rerank,10,200,minmax,max,3,rank,0.85,0.05,0.020000000000000018,0.08,0.012086092715231788,0.005598345746577733,0.11656772800863464,0.38043046357615895,12.348601596655435,575.9904966887417,1.8205857276916504
HybridNCF-Rerank,10,200,minmax,max,3,rank,0.9,0.0,0.09999999999999998,0.0,0.012913907284768211,0.005878609915262885,0.11225040474905558,0.35266556291390727,12.343858202230061,619.8417880794702,0.3875298500061035
HybridNCF-Rerank,10,200,minmax,max,3,rank,0.9,0.03,0.06999999999999995,0.0,0.012086092715231788,0.005581703811722781,0.1117107393416082,0.3747019867549669,12.435673120653393,588.8299172185431,0.389878511428833
HybridNCF-Rerank,10,200,minmax,max,3,rank,0.9,0.05,0.04999999999999993,0.0,0.011754966887417218,0.005449679773386063,0.11198057204533189,0.3921026490066225,12.510855811463287,561.4050827814569,0.3841273784637451
HybridNCF-Rerank,10,200,minmax,max,3,rank,0.9,0.08,0.020000000000000018,0.0,0.01142384105960265,0.005307045384132774,0.11198057204533189,0.4197682119205298,12.631848428991457,518.7128642384106,0.39110374450683594
HybridNCF-Rerank,10,200,minmax,max,3,rank,0.9,0.0,0.06999999999999995,0.03,0.012913907284768211,0.0059536259747594075,0.11359956826767405,0.335794701986755,12.149271538273387,638.0213741721855,1.846877098083496
HybridNCF-Rerank,10,200,minmax,max,3,rank,0.9,0.03,0.039999999999999925,0.03,0.012748344370860927,0.00580995485223704,0.11386940097139774,0.35730132450331126,12.241217813839187,608.158178807947,1.92704176902771
HybridNCF-Rerank,10,200,minmax,max,3,rank,0.9,0.05,0.019999999999999907,0.03,0.012251655629139073,0.005620643086144534,0.11359956826767405,0.3747019867549669,12.315797910121892,581.6748509933775,2.0293595790863037
HybridNCF-Rerank,10,200,minmax,max,3,rank,0.9,0.0,0.04999999999999993,0.05,0.013079470198675497,0.006046953366772415,0.11521856449001619,0.32567880794701987,12.028956448258153,649.4664238410596,1.9375133514404297
HybridNCF-Rerank,10,200,minmax,max,3,rank,0.9,0.03,0.019999999999999907,0.05,0.012748344370860927,0.005870596672611382,0.11521856449001619,0.34658940397350996,12.120303897620825,619.1452317880795,1.8607163429260254
HybridNCF-Rerank,10,200,minmax,max,3,rank,0.9,0.05,0.0,0.05,0.012251655629139073,0.0056563321582053395,0.11548839719373988,0.3635099337748344,12.195251846629263,593.9949503311258,1.9634368419647217
HybridNCF-Rerank,10,200,minmax,max,3,rank,0.9,0.0,0.020000000000000018,0.08,0.013576158940397352,0.00622977270280462,0.11629789530491096,0.31142384105960264,11.868561330299503,665.7161258278146,1.7712833881378174
HybridNCF-Rerank,10,200,minmax,max,3,rank,0.95,0.0,0.050000000000000044,0.0,0.013079470198675497,0.006037712378729954,0.11602806260118727,0.3223841059602649,12.009370842153663,650.9354966887418,0.3902554512023926
HybridNCF-Rerank,10,200,minmax,max,3,rank,0.95,0.03,0.020000000000000018,0.0,0.012582781456953643,0.005824357730970005,0.11575822989746357,0.3422185430463576,12.099982756447318,623.4795033112583,0.38919997215270996
HybridNCF-Rerank,10,200,minmax,max,3,rank,0.95,0.05,0.0,0.0,0.012251655629139073,0.00566252754723033,0.11548839719373988,0.35918874172185433,12.175113426344284,597.4056953642385,0.390300989151001
HybridNCF-Rerank,10,200,minmax,max,3,rank,0.95,0.0,0.020000000000000018,0.03,0.013410596026490066,0.006173490537003486,0.11845655693470049,0.31001655629139074,11.865234439025652,663.4185264900663,1.8505539894104004
HybridNCF-Rerank,10,200,minmax,max,3,rank,0.95,0.0,0.0,0.05,0.013576158940397352,0.0062646540133976004,0.12061521856449002,0.3023675496688742,11.78096675822277,672.5745860927152,1.8159301280975342
SVDPP-Rerank,10,200,minmax,max,1,raw,0.7,0.0,0.30000000000000004,0.0,0.007781456953642384,0.003854793309644241,0.6208850512682137,0.8137417218543046,14.994375955805873,261.0349337748344,0.3975718021392822
SVDPP-Rerank,10,200,minmax,max,1,raw,0.7,0.03,0.27,0.0,0.0074503311258278145,0.0037419949961872336,0.6179168915272532,0.8226986754966887,15.007430655940478,248.6431953642384,0.4132251739501953
SVDPP-Rerank,10,200,minmax,max,1,raw,0.7,0.05,0.25,0.0,0.00728476821192053,0.003676668438749823,0.6181867242309768,0.8293708609271523,15.019294545555747,239.48418874172185,0.4013843536376953
SVDPP-Rerank,10,200,minmax,max,1,raw,0.7,0.08,0.22000000000000008,0.0,0.00695364238410596,0.0035286592034306217,0.613599568267674,0.8381291390728477,15.032911270327915,227.95705298013246,0.39301323890686035
SVDPP-Rerank,10,200,minmax,max,1,raw,0.7,0.0,0.27,0.03,0.007947019867549669,0.003955871208390185,0.6270912034538586,0.8027814569536423,14.799794483105869,275.3021026490066,6.062878370285034
SVDPP-Rerank,10,200,minmax,max,1,raw,0.7,0.03,0.24,0.03,0.0074503311258278145,0.003785722489087666,0.6257420399352401,0.8118543046357616,14.815271218059868,262.5160264900662,5.884004831314087
SVDPP-Rerank,10,200,minmax,max,1,raw,0.7,0.05,0.21999999999999997,0.03,0.0074503311258278145,0.003796631407382492,0.6222342147868322,0.818476821192053,14.829223357510093,253.4512251655629,5.141317367553711
SVDPP-Rerank,10,200,minmax,max,1,raw,0.7,0.08,0.19000000000000006,0.03,0.00728476821192053,0.0036811278689660607,0.6208850512682137,0.8285099337748344,14.85434134238603,240.68594370860927,4.264805555343628
SVDPP-Rerank,10,200,minmax,max,1,raw,0.7,0.0,0.25,0.05,0.008112582781456953,0.004091502586470217,0.6300593631948193,0.795612582781457,14.67810830915211,284.18557947019866,4.976481199264526
SVDPP-Rerank,10,200,minmax,max,1,raw,0.7,0.03,0.21999999999999997,0.05,0.0076158940397350995,0.003906162640523599,0.627630868861306,0.8062417218543046,14.70553532504088,270.27562913907286,5.327661037445068
SVDPP-Rerank,10,200,minmax,max,1,raw,0.7,0.05,0.19999999999999996,0.05,0.0076158940397350995,0.003890329714840296,0.6260118726389639,0.8125496688741722,14.71984840884114,261.3782450331126,5.720022916793823
SVDPP-Rerank,10,200,minmax,max,1,raw,0.7,0.08,0.17000000000000004,0.05,0.0074503311258278145,0.0037634899192896076,0.6246627091203454,0.8223344370860927,14.750266654491424,248.48524834437086,5.37190055847168
SVDPP-Rerank,10,200,minmax,max,1,raw,0.7,0.0,0.22000000000000008,0.08,0.008112582781456953,0.004102344414822419,0.6330275229357798,0.7847682119205298,14.503662740473716,297.3969701986755,6.498839378356934
SVDPP-Rerank,10,200,minmax,max,1,raw,0.7,0.03,0.19000000000000006,0.08,0.007781456953642384,0.003973723723878963,0.6305990286022666,0.7961258278145695,14.542737780659404,282.5373013245033,5.910701513290405
SVDPP-Rerank,10,200,minmax,max,1,raw,0.7,0.05,0.17000000000000004,0.08,0.007781456953642384,0.003967739670224231,0.6292498650836481,0.8031125827814569,14.56324513135367,273.50173841059603,6.515698671340942
SVDPP-Rerank,10,200,minmax,max,1,raw,0.7,0.08,0.14000000000000012,0.08,0.0076158940397350995,0.0038596284760001706,0.6281705342687534,0.8130960264900662,14.596771192203294,259.9435761589404,5.979752779006958
SVDPP-Rerank,10,200,minmax,max,1,raw,0.8,0.0,0.19999999999999996,0.0,0.008278145695364239,0.00425519609019219,0.6376146788990825,0.7693377483443709,14.26381859413046,316.66778145695366,0.3752326965332031
SVDPP-Rerank,10,200,minmax,max,1,raw,0.8,0.03,0.16999999999999993,0.0,0.008112582781456953,0.004164464068676769,0.6349163518618457,0.7792880794701986,14.29966040911264,303.15846026490067,0.3827526569366455
SVDPP-Rerank,10,200,minmax,max,1,raw,0.8,0.05,0.1499999999999999,0.0,0.0076158940397350995,0.0040044771268568065,0.6343766864543983,0.7865066225165563,14.327810926579481,293.7789735099338,0.3915698528289795
SVDPP-Rerank,10,200,minmax,max,1,raw,0.8,0.08,0.12,0.0,0.0076158940397350995,0.0039717624478315845,0.6316783594171613,0.7963079470198675,14.36826137078519,280.33440397350995,0.39034247398376465
SVDPP-Rerank,10,200,minmax,max,1,raw,0.8,0.0,0.16999999999999993,0.03,0.008609271523178808,0.004362767008187566,0.6400431732325957,0.7606291390728477,14.137118032325972,326.52399006622517,5.0321502685546875
SVDPP-Rerank,10,200,minmax,max,1,raw,0.8,0.03,0.1399999999999999,0.03,0.008443708609271523,0.004288802311951392,0.6384241770102537,0.7712251655629139,14.17838719619031,313.00043046357615,5.7417426109313965
SVDPP-Rerank,10,200,minmax,max,1,raw,0.8,0.05,0.11999999999999988,0.03,0.007781456953642384,0.004077179078321436,0.63815434430653,0.7787748344370861,14.209550648746111,303.25774834437084,5.793606281280518
SVDPP-Rerank,10,200,minmax,max,1,raw,0.8,0.08,0.08999999999999997,0.03,0.007781456953642384,0.0040550201436519535,0.6370750134916352,0.7887913907284768,14.251404416608494,289.5707284768212,5.4383769035339355
SVDPP-Rerank,10,200,minmax,max,1,raw,0.8,0.0,0.1499999999999999,0.05,0.008609271523178808,0.004380170152408076,0.6413923367512142,0.7548675496688741,14.054986673096158,333.6220529801324,6.109794616699219
SVDPP-Rerank,10,200,minmax,max,1,raw,0.8,0.03,0.11999999999999988,0.05,0.008609271523178808,0.004355461052028002,0.6403130059363195,0.7658112582781457,14.100055107344065,319.46612582781455,5.911343812942505
SVDPP-Rerank,10,200,minmax,max,1,raw,0.8,0.05,0.09999999999999987,0.05,0.007947019867549669,0.004145818806700378,0.6395035078251484,0.7733443708609271,14.132457698259921,309.7400165562914,5.849645137786865
SVDPP-Rerank,10,200,minmax,max,1,raw,0.8,0.08,0.06999999999999995,0.05,0.007947019867549669,0.004122855683554143,0.6392336751214247,0.7838907284768212,14.178117779517017,295.8987582781457,6.252957820892334
SVDPP-Rerank,10,200,minmax,max,1,raw,0.8,0.0,0.12,0.08,0.009105960264900662,0.004544232694487806,0.6430113329735564,0.7461423841059602,13.936261127105611,343.23331125827815,5.199836730957031
SVDPP-Rerank,10,200,minmax,max,1,raw,0.8,0.03,0.08999999999999997,0.08,0.008774834437086093,0.004411477398147277,0.6405828386400432,0.7580132450331126,13.991251468547922,328.3982119205298,5.250947713851929
SVDPP-Rerank,10,200,minmax,max,1,raw,0.8,0.05,0.06999999999999995,0.08,0.008443708609271523,0.00433449354717537,0.6403130059363195,0.7657450331125828,14.026801629034889,318.6193377483444,5.01373553276062
SVDPP-Rerank,10,200,minmax,max,1,raw,0.8,0.08,0.040000000000000036,0.08,0.008112582781456953,0.004189062704437454,0.6384241770102537,0.7770529801324503,14.080814065727967,304.2508940397351,5.683752536773682
SVDPP-Rerank,10,200,minmax,max,1,raw,0.85,0.0,0.15000000000000002,0.0,0.009105960264900662,0.004531483512961846,0.6419320021586616,0.7523675496688742,14.01993463547814,336.37829470198676,0.39614295959472656
SVDPP-Rerank,10,200,minmax,max,1,raw,0.85,0.03,0.12,0.0,0.008609271523178808,0.004381147517838791,0.6413923367512142,0.7630794701986755,14.064866717224879,322.63346026490063,0.3859410285949707
SVDPP-Rerank,10,200,minmax,max,1,raw,0.85,0.05,0.09999999999999998,0.0,0.007947019867549669,0.004147389164557144,0.6411225040474906,0.769751655629139,14.094985528623821,313.90077814569537,0.38109874725341797
SVDPP-Rerank,10,200,minmax,max,1,raw,0.85,0.08,0.07000000000000006,0.0,0.007947019867549669,0.0041253560291539555,0.6392336751214247,0.7805794701986755,14.141879765987396,299.6471026490066,0.5300507545471191
SVDPP-Rerank,10,200,minmax,max,1,raw,0.85,0.0,0.12,0.03,0.009437086092715232,0.0046587561384576455,0.6427415002698327,0.7443211920529801,13.911704879643901,345.63205298013247,5.721838474273682
SVDPP-Rerank,10,200,minmax,max,1,raw,0.85,0.03,0.08999999999999997,0.03,0.008774834437086093,0.004453715033172159,0.6427415002698327,0.7563741721854305,13.967924778856188,330.848940397351,6.08664083480835
SVDPP-Rerank,10,200,minmax,max,1,raw,0.85,0.05,0.06999999999999995,0.03,0.008443708609271523,0.004329627840268565,0.6419320021586616,0.7629304635761589,13.997536859417593,322.1769867549669,5.897907495498657
SVDPP-Rerank,10,200,minmax,max,1,raw,0.85,0.08,0.040000000000000036,0.03,0.008278145695364239,0.004237189286997636,0.6408526713437669,0.7740894039735099,14.050813810020093,307.68076158940397,5.856618642807007
SVDPP-Rerank,10,200,minmax,max,1,raw,0.85,0.0,0.09999999999999998,0.05,0.0097682119205298,0.004756453956666565,0.6438208310847274,0.7393211920529801,13.845054961166634,351.53612582781454,5.8793885707855225
SVDPP-Rerank,10,200,minmax,max,1,raw,0.85,0.03,0.06999999999999995,0.05,0.008940397350993378,0.004497912185508518,0.6430113329735564,0.7515562913907284,13.904232315085581,336.2395198675497,6.159051895141602
SVDPP-Rerank,10,200,minmax,max,1,raw,0.85,0.05,0.04999999999999993,0.05,0.008774834437086093,0.004422954789194727,0.6427415002698327,0.7586754966887417,13.939014764953134,327.09298013245035,6.447060823440552
SVDPP-Rerank,10,200,minmax,max,1,raw,0.85,0.08,0.020000000000000018,0.05,0.008443708609271523,0.004316618423345049,0.6416621694549379,0.769271523178808,13.988927697740642,313.22738410596025,5.682023048400879
SVDPP-Rerank,10,200,minmax,max,1,raw,0.85,0.0,0.07000000000000006,0.08,0.009602649006622516,0.0047681062624354556,0.6481381543443065,0.7326158940397351,13.757008295532883,359.48,5.974176406860352
SVDPP-Rerank,10,200,minmax,max,1,raw,0.85,0.03,0.040000000000000036,0.08,0.009437086092715232,0.004661089187201435,0.6457096600107933,0.7444701986754967,13.81299445764908,344.5407119205298,6.014751672744751
SVDPP-Rerank,10,200,minmax,max,1,raw,0.85,0.05,0.020000000000000018,0.08,0.009271523178807948,0.004602730746631405,0.6451699946033459,0.7519370860927153,13.849397730922067,335.14493377483444,5.139287710189819
SVDPP-Rerank,10,200,minmax,max,1,raw,0.9,0.0,0.09999999999999998,0.0,0.009933774834437087,0.004806567816469018,0.6449001618996222,0.7378807947019868,13.827235045875145,353.18423841059604,0.3979525566101074
SVDPP-Rerank,10,200,minmax,max,1,raw,0.9,0.03,0.06999999999999995,0.0,0.009271523178807948,0.004610614221250561,0.6449001618996222,0.7496688741721854,13.885245946890471,338.475678807947,0.4050006866455078
SVDPP-Rerank,10,200,minmax,max,1,raw,0.9,0.05,0.04999999999999993,0.0,0.008940397350993378,0.004503471755592244,0.6440906637884511,0.7565066225165563,13.918408467469625,330.1594536423841,0.4025750160217285
SVDPP-Rerank,10,200,minmax,max,1,raw,0.9,0.08,0.020000000000000018,0.0,0.008278145695364239,0.00426984783844186,0.6427415002698327,0.7669867549668874,13.96968497667881,315.9823675496689,0.38871312141418457
SVDPP-Rerank,10,200,minmax,max,1,raw,0.9,0.0,0.06999999999999995,0.03,0.009933774834437087,0.00484784668482051,0.6484079870480303,0.7318211920529801,13.747100316720292,360.178261589404,4.2970499992370605
SVDPP-Rerank,10,200,minmax,max,1,raw,0.9,0.03,0.039999999999999925,0.03,0.009437086092715232,0.004685162724886262,0.6467889908256881,0.7432284768211921,13.802174191253863,346.2439072847682,5.080305814743042
SVDPP-Rerank,10,200,minmax,max,1,raw,0.9,0.05,0.019999999999999907,0.03,0.009271523178807948,0.004622191154123399,0.6457096600107933,0.7501655629139072,13.835160924914657,337.3858940397351,5.9871203899383545
SVDPP-Rerank,10,200,minmax,max,1,raw,0.9,0.0,0.04999999999999993,0.05,0.01009933774834437,0.004922094474468479,0.6497571505666486,0.727682119205298,13.692527074798054,365.11081125827815,5.3563947677612305
SVDPP-Rerank,10,200,minmax,max,1,raw,0.9,0.03,0.019999999999999907,0.05,0.0097682119205298,0.004790241521406704,0.6478683216405828,0.7390397350993377,13.745764531157665,350.9751324503311,5.616701602935791
SVDPP-Rerank,10,200,minmax,max,1,raw,0.9,0.05,0.0,0.05,0.0097682119205298,0.004775028823771747,0.6470588235294118,0.7465397350993378,13.783290697359881,342.1749337748344,5.5927793979644775
SVDPP-Rerank,10,200,minmax,max,1,raw,0.9,0.0,0.020000000000000018,0.08,0.010264900662251655,0.005036826398540152,0.6497571505666486,0.7221026490066225,13.6206105494815,371.9337417218543,5.527262926101685
SVDPP-Rerank,10,200,minmax,max,1,raw,0.95,0.0,0.050000000000000044,0.0,0.01009933774834437,0.0049233725538869256,0.6473286562331354,0.7278476821192053,13.69009675228043,365.1259271523179,0.37395453453063965
SVDPP-Rerank,10,200,minmax,max,1,raw,0.95,0.03,0.020000000000000018,0.0,0.01009933774834437,0.004898287717367158,0.6470588235294118,0.7377483443708609,13.737827210157912,352.4240894039735,0.3759727478027344
SVDPP-Rerank,10,200,minmax,max,1,raw,0.95,0.05,0.0,0.0,0.0097682119205298,0.00478600508825521,0.6489476524554776,0.7451490066225166,13.775438651501737,343.3321854304636,0.386946439743042
SVDPP-Rerank,10,200,minmax,max,1,raw,0.95,0.0,0.020000000000000018,0.03,0.010430463576158941,0.005041330590456538,0.6511063140852671,0.7221688741721854,13.617889760077395,371.87329470198677,5.0172154903411865
SVDPP-Rerank,10,200,minmax,max,1,raw,0.95,0.0,0.0,0.05,0.010596026490066225,0.005092281795274138,0.6516459794927145,0.7187748344370861,13.577327729850415,375.9575,4.515840291976929
MultiVAE-Rerank,10,200,minmax,max,0,raw,0.7,0.0,0.30000000000000004,0.0,0.06903973509933775,0.03434068556626976,0.675661090124123,0.1206953642384106,10.281659496446318,1116.4480794701988,0.3921470642089844
MultiVAE-Rerank,10,200,minmax,max,0,raw,0.7,0.03,0.27,0.0,0.06887417218543046,0.03415938402168789,0.6732325957906098,0.1219205298013245,10.298770929519703,1102.3177649006623,0.37822461128234863
MultiVAE-Rerank,10,200,minmax,max,0,raw,0.7,0.05,0.25,0.0,0.06920529801324503,0.034062125363391586,0.6708041014570966,0.12263245033112583,10.311157901808127,1092.3449834437085,0.3870673179626465
MultiVAE-Rerank,10,200,minmax,max,0,raw,0.7,0.08,0.22000000000000008,0.0,0.06937086092715232,0.03415979268587112,0.6702644360496492,0.12370860927152318,10.32875904882191,1078.0707947019866,0.3806748390197754
MultiVAE-Rerank,10,200,minmax,max,0,raw,0.7,0.0,0.27,0.03,0.07019867549668875,0.03476822568791004,0.6627091203453859,0.112317880794702,10.241603872160248,1134.3752814569536,5.529984951019287
MultiVAE-Rerank,10,200,minmax,max,0,raw,0.7,0.03,0.24,0.03,0.07003311258278146,0.034591202046527686,0.6629789530491096,0.1139569536423841,10.261333064717173,1119.3833774834436,4.580011367797852
MultiVAE-Rerank,10,200,minmax,max,0,raw,0.7,0.05,0.21999999999999997,0.03,0.06970198675496689,0.034381553558401064,0.6621694549379384,0.11486754966887418,10.273944871188789,1109.5552814569537,5.744463682174683
MultiVAE-Rerank,10,200,minmax,max,0,raw,0.7,0.08,0.19000000000000006,0.03,0.06970198675496689,0.03422469555356848,0.6616297895304911,0.11629139072847682,10.292217203323414,1095.3759933774834,5.616484880447388
MultiVAE-Rerank,10,200,minmax,max,0,raw,0.7,0.0,0.25,0.05,0.07135761589403973,0.03502828979657755,0.6551538046411225,0.10728476821192053,10.216355247292297,1146.2058112582781,6.043110132217407
MultiVAE-Rerank,10,200,minmax,max,0,raw,0.7,0.03,0.21999999999999997,0.05,0.07052980132450332,0.0347152059343259,0.653804641122504,0.10908940397350993,10.236075260765505,1131.6612582781456,6.214643716812134
MultiVAE-Rerank,10,200,minmax,max,0,raw,0.7,0.05,0.19999999999999996,0.05,0.0706953642384106,0.034637447182610935,0.6543443065299515,0.11033112582781457,10.250539294173386,1120.900811258278,6.506388902664185
MultiVAE-Rerank,10,200,minmax,max,0,raw,0.7,0.08,0.17000000000000004,0.05,0.07003311258278146,0.03433491080634529,0.6551538046411225,0.11216887417218543,10.270309014446688,1106.1996523178807,6.323360919952393
MultiVAE-Rerank,10,200,minmax,max,0,raw,0.7,0.0,0.22000000000000008,0.08,0.0716887417218543,0.03516998914099663,0.6470588235294118,0.10091059602649007,10.18436853489339,1161.9923013245034,5.66602087020874
MultiVAE-Rerank,10,200,minmax,max,0,raw,0.7,0.03,0.19000000000000006,0.08,0.07152317880794702,0.03503631512704529,0.6462493254182406,0.10271523178807947,10.204713653065511,1146.8106953642384,5.306826591491699
MultiVAE-Rerank,10,200,minmax,max,0,raw,0.7,0.05,0.17000000000000004,0.08,0.07119205298013245,0.03479303654404376,0.6462493254182406,0.10394039735099338,10.217573984253486,1137.3587582781456,4.7493555545806885
MultiVAE-Rerank,10,200,minmax,max,0,raw,0.7,0.08,0.14000000000000012,0.08,0.07102649006622516,0.03467522497989705,0.6457096600107933,0.10594370860927152,10.238995107530759,1121.4775165562914,5.1952784061431885
MultiVAE-Rerank,10,200,minmax,max,0,raw,0.8,0.0,0.19999999999999996,0.0,0.0706953642384106,0.03500925043108365,0.6343766864543983,0.09332781456953643,10.14421859442793,1182.0821523178809,0.3762092590332031
MultiVAE-Rerank,10,200,minmax,max,0,raw,0.8,0.03,0.16999999999999993,0.0,0.07003311258278146,0.034846962035010566,0.6332973556395035,0.09447019867549669,10.16101789596065,1168.8532947019867,0.38184499740600586
MultiVAE-Rerank,10,200,minmax,max,0,raw,0.8,0.05,0.1499999999999999,0.0,0.07036423841059603,0.034813630392047414,0.6341068537506745,0.09572847682119205,10.174218602764686,1159.6344205298012,0.385514497756958
MultiVAE-Rerank,10,200,minmax,max,0,raw,0.8,0.08,0.12,0.0,0.07019867549668875,0.03471192692674341,0.6335671883432272,0.0975,10.192404269635283,1146.0441556291391,0.3812747001647949
MultiVAE-Rerank,10,200,minmax,max,0,raw,0.8,0.0,0.16999999999999993,0.03,0.07036423841059603,0.034960402770692664,0.6273610361575823,0.08895695364238411,10.12027561077219,1194.9235430463575,3.8582515716552734
MultiVAE-Rerank,10,200,minmax,max,0,raw,0.8,0.03,0.1399999999999999,0.03,0.07102649006622516,0.035203156063523644,0.6279007015650296,0.09051324503311259,10.139622317718354,1180.1466721854304,5.598836421966553
MultiVAE-Rerank,10,200,minmax,max,0,raw,0.8,0.05,0.11999999999999988,0.03,0.0706953642384106,0.035086964783799524,0.6281705342687534,0.09173841059602648,10.151471306882947,1171.5030132450331,6.070125341415405
MultiVAE-Rerank,10,200,minmax,max,0,raw,0.8,0.08,0.08999999999999997,0.03,0.07052980132450332,0.034735778058990766,0.6289800323799244,0.0934933774834437,10.169929208866018,1158.1860761589403,5.9564208984375
MultiVAE-Rerank,10,200,minmax,max,0,raw,0.8,0.0,0.1499999999999999,0.05,0.07135761589403973,0.035217584836996454,0.6249325418240691,0.0862251655629139,10.105569409739893,1202.7877814569536,5.7170796394348145
MultiVAE-Rerank,10,200,minmax,max,0,raw,0.8,0.03,0.11999999999999988,0.05,0.0716887417218543,0.0353232617201636,0.6238532110091743,0.08791390728476821,10.124822992757457,1188.3452649006622,4.969266414642334
MultiVAE-Rerank,10,200,minmax,max,0,raw,0.8,0.05,0.09999999999999987,0.05,0.07152317880794702,0.03527048183342356,0.6243928764166217,0.08902317880794702,10.137098310846367,1179.2700496688742,6.054796934127808
MultiVAE-Rerank,10,200,minmax,max,0,raw,0.8,0.08,0.06999999999999995,0.05,0.07102649006622516,0.03500814093116527,0.6246627091203454,0.09084437086092716,10.154889474436148,1166.325678807947,5.919492721557617
MultiVAE-Rerank,10,200,minmax,max,0,raw,0.8,0.0,0.12,0.08,0.07218543046357616,0.03539627763648524,0.6187263896384242,0.08231788079470198,10.085030493183641,1213.703642384106,5.156197786331177
MultiVAE-Rerank,10,200,minmax,max,0,raw,0.8,0.03,0.08999999999999997,0.08,0.07119205298013245,0.03516526479907651,0.6198057204533189,0.08410596026490066,10.103950977862276,1199.7764072847683,4.684980869293213
MultiVAE-Rerank,10,200,minmax,max,0,raw,0.8,0.05,0.06999999999999995,0.08,0.07119205298013245,0.035172930065519116,0.6192660550458715,0.08508278145695364,10.115364073680727,1191.1487582781458,5.430231094360352
MultiVAE-Rerank,10,200,minmax,max,0,raw,0.8,0.08,0.040000000000000036,0.08,0.07152317880794702,0.03519793578908106,0.6200755531570427,0.0869205298013245,10.133500190270658,1178.1228311258278,5.975152254104614
MultiVAE-Rerank,10,200,minmax,max,0,raw,0.85,0.0,0.15000000000000002,0.0,0.07052980132450332,0.03494412733859374,0.6219643820831084,0.08509933774834437,10.101074805243915,1204.9831622516556,0.38134050369262695
MultiVAE-Rerank,10,200,minmax,max,0,raw,0.85,0.03,0.12,0.0,0.07052980132450332,0.03506673182860286,0.6233135456017269,0.08683774834437086,10.119189264000646,1191.8312582781457,0.3768453598022461
MultiVAE-Rerank,10,200,minmax,max,0,raw,0.85,0.05,0.09999999999999998,0.0,0.07119205298013245,0.0352191190134853,0.6227738801942796,0.08811258278145695,10.130755860489725,1183.245132450331,0.37479662895202637
MultiVAE-Rerank,10,200,minmax,max,0,raw,0.85,0.08,0.07000000000000006,0.0,0.07086092715231788,0.035072376876692665,0.6227738801942796,0.08973509933774834,10.148120951857788,1170.2689569536424,0.37194085121154785
MultiVAE-Rerank,10,200,minmax,max,0,raw,0.85,0.0,0.12,0.03,0.0716887417218543,0.03530396107288387,0.6173772261198057,0.08190397350993378,10.082411347556588,1215.4428642384105,6.499617099761963
MultiVAE-Rerank,10,200,minmax,max,0,raw,0.85,0.03,0.08999999999999997,0.03,0.07135761589403973,0.035144603666388,0.6179168915272532,0.08321192052980132,10.098182087023527,1203.431092715232,6.081510066986084
MultiVAE-Rerank,10,200,minmax,max,0,raw,0.85,0.05,0.06999999999999995,0.03,0.07119205298013245,0.03519906938787388,0.6184565569347005,0.08437086092715232,10.111193161894944,1193.6883774834437,6.038498640060425
MultiVAE-Rerank,10,200,minmax,max,0,raw,0.85,0.08,0.040000000000000036,0.03,0.07119205298013245,0.03509646539828028,0.6187263896384242,0.08594370860927153,10.127973470529973,1181.133890728477,5.909601926803589
MultiVAE-Rerank,10,200,minmax,max,0,raw,0.85,0.0,0.09999999999999998,0.05,0.07218543046357616,0.035596251293362184,0.6138694009713977,0.0795364238410596,10.069560345024463,1222.2741390728477,5.6254425048828125
MultiVAE-Rerank,10,200,minmax,max,0,raw,0.85,0.03,0.06999999999999995,0.05,0.07201986754966887,0.0354050973943607,0.6144090663788451,0.0812748344370861,10.086764469604619,1209.7257450331126,5.183697938919067
MultiVAE-Rerank,10,200,minmax,max,0,raw,0.85,0.05,0.04999999999999993,0.05,0.07152317880794702,0.0352296995733281,0.6152185644900162,0.08221854304635762,10.099010204684655,1200.3125496688742,5.3824381828308105
MultiVAE-Rerank,10,200,minmax,max,0,raw,0.85,0.08,0.020000000000000018,0.05,0.0716887417218543,0.03523674419386891,0.6154883971937399,0.08362582781456954,10.115361396492712,1188.051357615894,5.29446268081665
MultiVAE-Rerank,10,200,minmax,max,0,raw,0.85,0.0,0.07000000000000006,0.08,0.07135761589403973,0.035315168703990804,0.6095520777118186,0.07652317880794703,10.052227806129203,1231.8595033112583,5.669366121292114
MultiVAE-Rerank,10,200,minmax,max,0,raw,0.85,0.03,0.040000000000000036,0.08,0.07218543046357616,0.03538496623649208,0.6100917431192661,0.07809602649006622,10.068275545211817,1220.0186920529802,4.880882740020752
MultiVAE-Rerank,10,200,minmax,max,0,raw,0.85,0.05,0.020000000000000018,0.08,0.07185430463576159,0.03539808023136373,0.6103615758229898,0.07882450331125827,10.079347028053359,1211.4608774834437,5.989032745361328
MultiVAE-Rerank,10,200,minmax,max,0,raw,0.9,0.0,0.09999999999999998,0.0,0.0716887417218543,0.03551254463511555,0.6130599028602267,0.07907284768211921,10.067291555199402,1223.1261258278146,0.3835031986236572
MultiVAE-Rerank,10,200,minmax,max,0,raw,0.9,0.03,0.06999999999999995,0.0,0.07052980132450332,0.0349540650278018,0.6130599028602267,0.08071192052980132,10.083212192942765,1211.6110761589405,0.3765218257904053
MultiVAE-Rerank,10,200,minmax,max,0,raw,0.9,0.05,0.04999999999999993,0.0,0.07036423841059603,0.034903023326865776,0.613599568267674,0.08178807947019867,10.09438760007454,1203.6631456953642,0.3805820941925049
MultiVAE-Rerank,10,200,minmax,max,0,raw,0.9,0.08,0.020000000000000018,0.0,0.07086092715231788,0.03503919824918301,0.6146788990825688,0.08337748344370861,10.111906603251072,1190.5707284768212,0.37934207916259766
MultiVAE-Rerank,10,200,minmax,max,0,raw,0.9,0.0,0.06999999999999995,0.03,0.07218543046357616,0.03564194852171247,0.6076632487857528,0.07625827814569536,10.050290628332176,1232.9464569536424,6.310016632080078
MultiVAE-Rerank,10,200,minmax,max,0,raw,0.9,0.03,0.039999999999999925,0.03,0.07201986754966887,0.03536664115425313,0.6090124123043713,0.07753311258278146,10.066458049388912,1220.8374337748344,6.204039812088013
MultiVAE-Rerank,10,200,minmax,max,0,raw,0.9,0.05,0.019999999999999907,0.03,0.07152317880794702,0.0352391823030855,0.6087425796006476,0.0785430463576159,10.07675343371385,1213.3011092715233,6.0844197273254395
MultiVAE-Rerank,10,200,minmax,max,0,raw,0.9,0.0,0.04999999999999993,0.05,0.07218543046357616,0.03560251290060346,0.6057744198596869,0.0745364238410596,10.040241327348923,1238.6916556291392,5.663542747497559
MultiVAE-Rerank,10,200,minmax,max,0,raw,0.9,0.03,0.019999999999999907,0.05,0.07201986754966887,0.03537291673686907,0.6060442525634107,0.07586092715231788,10.055949250104412,1226.96440397351,5.464831352233887
MultiVAE-Rerank,10,200,minmax,max,0,raw,0.9,0.05,0.0,0.05,0.07251655629139073,0.03549330285897632,0.6071235833783054,0.07688741721854304,10.066182228224166,1219.3947350993378,5.958677768707275
MultiVAE-Rerank,10,200,minmax,max,0,raw,0.9,0.0,0.020000000000000018,0.08,0.07201986754966887,0.0357708447926086,0.598758769562871,0.07167218543046358,10.02412186591041,1247.596009933775,5.495965242385864
MultiVAE-Rerank,10,200,minmax,max,0,raw,0.95,0.0,0.050000000000000044,0.0,0.07201986754966887,0.03563520580476532,0.6044252563410686,0.07445364238410596,10.03951341409557,1238.9122516556292,0.37508702278137207
MultiVAE-Rerank,10,200,minmax,max,0,raw,0.95,0.03,0.020000000000000018,0.0,0.0716887417218543,0.03534411671485875,0.6055045871559633,0.07567880794701987,10.054716398431765,1227.4855298013244,0.37189626693725586
MultiVAE-Rerank,10,200,minmax,max,0,raw,0.95,0.05,0.0,0.0,0.07119205298013245,0.03510021933565374,0.6057744198596869,0.07677152317880795,10.064952906251744,1220.0645695364237,0.3818528652191162
MultiVAE-Rerank,10,200,minmax,max,0,raw,0.95,0.0,0.020000000000000018,0.03,0.07218543046357616,0.035847720658513695,0.598758769562871,0.07180463576158941,10.024469951114908,1247.2755960264901,5.418838024139404
MultiVAE-Rerank,10,200,minmax,max,0,raw,0.95,0.0,0.0,0.05,0.07235099337748345,0.035884578060605826,0.5947112790070157,0.07009933774834437,10.014698093821671,1252.9063245033112,4.632150650024414
DIN-Rerank,10,200,minmax,max,3,rank,0.7,0.0,0.30000000000000004,0.0,0.004966887417218543,0.0028081825639307864,0.5456017269293039,0.8248509933774835,16.066541738162766,245.22541390728477,0.40147876739501953
DIN-Rerank,10,200,minmax,max,3,rank,0.7,0.03,0.27,0.0,0.004470198675496689,0.002660645342466242,0.5520777118186724,0.8452980132450331,16.152034847752148,214.56937086092717,0.3987891674041748
DIN-Rerank,10,200,minmax,max,3,rank,0.7,0.05,0.25,0.0,0.004470198675496689,0.0026586643541639085,0.5477603885590934,0.8544536423841059,16.182177331210763,200.73418874172185,0.39522433280944824
DIN-Rerank,10,200,minmax,max,3,rank,0.7,0.08,0.22000000000000008,0.0,0.0041390728476821195,0.002562947524257323,0.5469508904479223,0.8650496688741722,16.204615340138112,185.57687086092716,0.4042165279388428
DIN-Rerank,10,200,minmax,max,3,rank,0.7,0.0,0.27,0.03,0.005463576158940398,0.002964461523960842,0.5553157042633567,0.809817880794702,15.847327049078531,264.9093046357616,1.8660082817077637
DIN-Rerank,10,200,minmax,max,3,rank,0.7,0.03,0.24,0.03,0.004801324503311258,0.002755953279694739,0.5612520237452779,0.8328807947019867,15.950587505315314,229.66311258278145,1.8542757034301758
DIN-Rerank,10,200,minmax,max,3,rank,0.7,0.05,0.21999999999999997,0.03,0.004635761589403974,0.0027061138764391127,0.5612520237452779,0.8445529801324503,15.99713143299747,211.639321192053,1.8842151165008545
DIN-Rerank,10,200,minmax,max,3,rank,0.7,0.08,0.19000000000000006,0.03,0.004304635761589404,0.0026084160582301942,0.5596330275229358,0.857930463576159,16.034436632686894,194.00347682119207,1.8718411922454834
DIN-Rerank,10,200,minmax,max,3,rank,0.7,0.0,0.25,0.05,0.005298013245033113,0.002921951343721018,0.5661090124123044,0.7975662251655629,15.68388213565018,279.98975165562916,1.8648009300231934
DIN-Rerank,10,200,minmax,max,3,rank,0.7,0.03,0.21999999999999997,0.05,0.004966887417218543,0.002809754659555031,0.5696168375607124,0.8227814569536424,15.797875377847658,241.6505298013245,1.8191413879394531
DIN-Rerank,10,200,minmax,max,3,rank,0.7,0.05,0.19999999999999996,0.05,0.004966887417218543,0.0028018307063456985,0.5696168375607124,0.8363741721854304,15.857686231846841,221.41261589403973,1.8426556587219238
DIN-Rerank,10,200,minmax,max,3,rank,0.7,0.08,0.17000000000000004,0.05,0.004801324503311258,0.0027500103147877386,0.5698866702644361,0.8516721854304635,15.907944352674168,201.08973509933776,1.967104196548462
DIN-Rerank,10,200,minmax,max,3,rank,0.7,0.0,0.22000000000000008,0.08,0.005794701986754967,0.0030732647042747874,0.5820291419320022,0.7775331125827815,15.420167999630733,304.17077814569535,1.8417878150939941
DIN-Rerank,10,200,minmax,max,3,rank,0.7,0.03,0.19000000000000006,0.08,0.005463576158940398,0.0029610680201088003,0.5825688073394495,0.8062251655629139,15.557802390815407,262.1501986754967,1.8352758884429932
DIN-Rerank,10,200,minmax,max,3,rank,0.7,0.05,0.17000000000000004,0.08,0.004966887417218543,0.0028115498103419216,0.5836481381543444,0.8217218543046357,15.625773010743375,239.3376490066225,1.8454489707946777
DIN-Rerank,10,200,minmax,max,3,rank,0.7,0.08,0.14000000000000012,0.08,0.004635761589403974,0.0027061138764391127,0.5801403130059363,0.8403807947019868,15.701624386831625,213.21460264900662,1.8416938781738281
DIN-Rerank,10,200,minmax,max,3,rank,0.8,0.0,0.19999999999999996,0.0,0.006125827814569536,0.003191782576732055,0.5979492714517,0.7486423841059603,15.03539118417841,341.3600165562914,0.40784287452697754
DIN-Rerank,10,200,minmax,max,3,rank,0.8,0.03,0.16999999999999993,0.0,0.005629139072847682,0.0030210354200387386,0.5990286022665947,0.7802980132450331,15.193515254377528,297.1769536423841,0.40619540214538574
DIN-Rerank,10,200,minmax,max,3,rank,0.8,0.05,0.1499999999999999,0.0,0.005463576158940398,0.0029698097586743103,0.5982191041554237,0.7985099337748345,15.279002574642762,270.0415397350993,0.3913536071777344
DIN-Rerank,10,200,minmax,max,3,rank,0.8,0.08,0.12,0.0,0.004966887417218543,0.00281296232589163,0.5947112790070157,0.820364238410596,15.38069628557622,239.28817880794702,0.4020364284515381
DIN-Rerank,10,200,minmax,max,3,rank,0.8,0.0,0.16999999999999993,0.03,0.006291390728476821,0.003261599104936579,0.6055045871559633,0.727135761589404,14.766671713993249,367.6846523178808,1.7809062004089355
DIN-Rerank,10,200,minmax,max,3,rank,0.8,0.03,0.1399999999999999,0.03,0.005960264900662252,0.0031290470724374127,0.6068537506745818,0.7611092715231788,14.94261186197104,319.41506622516556,1.826486587524414
DIN-Rerank,10,200,minmax,max,3,rank,0.8,0.05,0.11999999999999988,0.03,0.005629139072847682,0.0030273872776238274,0.6106314085267135,0.7813079470198675,15.041824274189425,290.4916225165563,1.828608512878418
DIN-Rerank,10,200,minmax,max,3,rank,0.8,0.08,0.08999999999999997,0.03,0.005463576158940398,0.0029668514049412636,0.6098219104155423,0.8068046357615895,15.159765826408437,254.25700331125827,1.8306427001953125
DIN-Rerank,10,200,minmax,max,3,rank,0.8,0.0,0.1499999999999999,0.05,0.006622516556291391,0.0033784606745911193,0.6146788990825688,0.7127980132450331,14.581959062317349,385.5387086092715,1.822962760925293
DIN-Rerank,10,200,minmax,max,3,rank,0.8,0.03,0.11999999999999988,0.05,0.006125827814569536,0.003186449676665489,0.6146788990825688,0.7472682119205298,14.760751970398506,336.4079635761589,1.8562638759613037
DIN-Rerank,10,200,minmax,max,3,rank,0.8,0.05,0.09999999999999987,0.05,0.006125827814569536,0.003178291745499508,0.6179168915272532,0.7683609271523179,14.866498810092345,305.27561258278143,1.8652429580688477
DIN-Rerank,10,200,minmax,max,3,rank,0.8,0.08,0.06999999999999995,0.05,0.005463576158940398,0.002974589520635154,0.6179168915272532,0.7961920529801324,15.005714069154878,266.16511589403973,1.826735019683838
DIN-Rerank,10,200,minmax,max,3,rank,0.8,0.0,0.12,0.08,0.0074503311258278145,0.003653192508814837,0.6246627091203454,0.6902814569536424,14.300055148948896,412.1955960264901,1.8285820484161377
DIN-Rerank,10,200,minmax,max,3,rank,0.8,0.03,0.08999999999999997,0.08,0.00695364238410596,0.0034709251345588586,0.6262817053426876,0.7244867549668874,14.47977734196265,362.9129966887417,1.8272066116333008
DIN-Rerank,10,200,minmax,max,3,rank,0.8,0.05,0.06999999999999995,0.08,0.006291390728476821,0.0032586703069997073,0.6273610361575823,0.7476655629139073,14.600294890072172,329.45044701986757,2.0515029430389404
DIN-Rerank,10,200,minmax,max,3,rank,0.8,0.08,0.040000000000000036,0.08,0.005960264900662252,0.003130842223224303,0.6249325418240691,0.7780132450331125,14.75414802424955,286.31236754966886,1.9408833980560303
DIN-Rerank,10,200,minmax,max,3,rank,0.85,0.0,0.15000000000000002,0.0,0.006622516556291391,0.003380541204718839,0.6181867242309768,0.7053807947019868,14.501358553605364,394.2520033112583,0.39019775390625
DIN-Rerank,10,200,minmax,max,3,rank,0.85,0.03,0.12,0.0,0.006125827814569536,0.00319632836073625,0.6195358877495952,0.7408609271523179,14.678653792703388,345.69758278145696,0.3903946876525879
DIN-Rerank,10,200,minmax,max,3,rank,0.85,0.05,0.09999999999999998,0.0,0.005794701986754967,0.0030867971275951433,0.6192660550458715,0.7625331125827814,14.791910101262149,314.6838907284768,0.3864114284515381
DIN-Rerank,10,200,minmax,max,3,rank,0.85,0.08,0.07000000000000006,0.0,0.005298013245033113,0.0029194018826660595,0.6173772261198057,0.7896026490066225,14.927466791670843,275.33038079470197,0.39868927001953125
DIN-Rerank,10,200,minmax,max,3,rank,0.85,0.0,0.12,0.03,0.0074503311258278145,0.0036639134979152017,0.6289800323799244,0.6851986754966888,14.242692209521666,418.0837913907285,1.9098737239837646
DIN-Rerank,10,200,minmax,max,3,rank,0.85,0.03,0.08999999999999997,0.03,0.006456953642384106,0.0033188126216510865,0.6279007015650296,0.7196523178807948,14.420889009150448,370.43662251655627,1.8627293109893799
DIN-Rerank,10,200,minmax,max,3,rank,0.85,0.05,0.06999999999999995,0.03,0.006291390728476821,0.003249535010403012,0.6297895304910955,0.7416887417218543,14.535081382192523,339.0426324503311,1.8365366458892822
DIN-Rerank,10,200,minmax,max,3,rank,0.85,0.08,0.040000000000000036,0.03,0.005794701986754967,0.0030825749155929225,0.6281705342687534,0.7726490066225166,14.692356052556574,294.84056291390726,1.8628106117248535
DIN-Rerank,10,200,minmax,max,3,rank,0.85,0.0,0.09999999999999998,0.05,0.0076158940397350995,0.0037347977483493016,0.6338370210469509,0.671771523178808,14.065811600479858,434.2507781456954,1.9533588886260986
DIN-Rerank,10,200,minmax,max,3,rank,0.85,0.03,0.06999999999999995,0.05,0.007119205298013245,0.003532613287393576,0.6343766864543983,0.7050496688741722,14.241109248328682,387.8005629139073,1.9315948486328125
DIN-Rerank,10,200,minmax,max,3,rank,0.85,0.05,0.04999999999999993,0.05,0.006456953642384106,0.0033210385107040703,0.6338370210469509,0.7282284768211921,14.36105069948348,354.45993377483444,1.8722684383392334
DIN-Rerank,10,200,minmax,max,3,rank,0.85,0.08,0.020000000000000018,0.05,0.005960264900662252,0.00315390350117254,0.6332973556395035,0.7599668874172185,14.528377153305028,309.41238410596026,1.8933541774749756
DIN-Rerank,10,200,minmax,max,3,rank,0.85,0.0,0.07000000000000006,0.08,0.007947019867549669,0.003846511904708624,0.6403130059363195,0.6506456953642384,13.806168908883404,459.6264072847682,1.8582031726837158
DIN-Rerank,10,200,minmax,max,3,rank,0.85,0.03,0.040000000000000036,0.08,0.0076158940397350995,0.0037075176578255076,0.6405828386400432,0.6842549668874173,13.989679453009801,411.5746688741722,1.8727691173553467
DIN-Rerank,10,200,minmax,max,3,rank,0.85,0.05,0.020000000000000018,0.08,0.00728476821192053,0.0035813004104970486,0.6427415002698327,0.7076490066225165,14.110346920332372,378.3591059602649,1.870037317276001
DIN-Rerank,10,200,minmax,max,3,rank,0.9,0.0,0.09999999999999998,0.0,0.00728476821192053,0.0036466550422091697,0.6357258499730167,0.6660099337748344,14.007641216919122,440.7953145695364,0.39075589179992676
DIN-Rerank,10,200,minmax,max,3,rank,0.9,0.03,0.06999999999999995,0.0,0.006456953642384106,0.003343554173913924,0.6335671883432272,0.6997516556291391,14.185379712565846,395.32332781456955,0.3775906562805176
DIN-Rerank,10,200,minmax,max,3,rank,0.9,0.05,0.04999999999999993,0.0,0.006291390728476821,0.003278512995817343,0.6362655153804642,0.722682119205298,14.308262313012255,361.94332781456956,0.38286924362182617
DIN-Rerank,10,200,minmax,max,3,rank,0.9,0.08,0.020000000000000018,0.0,0.005794701986754967,0.0031111330855351626,0.6349163518618457,0.7546688741721854,14.475962224638225,316.50150662251656,0.38638877868652344
DIN-Rerank,10,200,minmax,max,3,rank,0.9,0.0,0.06999999999999995,0.03,0.0074503311258278145,0.0037177755565289522,0.6384241770102537,0.6469867549668874,13.766104727186114,464.28349337748347,1.853689432144165
DIN-Rerank,10,200,minmax,max,3,rank,0.9,0.03,0.039999999999999925,0.03,0.0074503311258278145,0.003670355712299153,0.6411225040474906,0.6800496688741722,13.94527241935793,418.5028311258278,1.8262133598327637
DIN-Rerank,10,200,minmax,max,3,rank,0.9,0.05,0.019999999999999907,0.03,0.00728476821192053,0.0035804826251408716,0.6432811656772801,0.7022019867549669,14.063198648951701,386.42033112582783,2.4376516342163086
DIN-Rerank,10,200,minmax,max,3,rank,0.9,0.0,0.04999999999999993,0.05,0.007781456953642384,0.003833653062970844,0.6427415002698327,0.6352152317880795,13.612970488055652,477.8503145695364,1.8877921104431152
DIN-Rerank,10,200,minmax,max,3,rank,0.9,0.03,0.019999999999999907,0.05,0.007781456953642384,0.003774999767542596,0.6440906637884511,0.6662748344370861,13.779707521855437,434.63024834437084,1.8614447116851807
DIN-Rerank,10,200,minmax,max,3,rank,0.9,0.05,0.0,0.05,0.0074503311258278145,0.0036301624483219613,0.6492174851592013,0.6893377483443709,13.900072386217433,402.0173841059603,1.8360536098480225
DIN-Rerank,10,200,minmax,max,3,rank,0.9,0.0,0.020000000000000018,0.08,0.008278145695364239,0.00399311516966407,0.6454398273070696,0.6167549668874173,13.380530608900335,499.3698013245033,1.9327194690704346
DIN-Rerank,10,200,minmax,max,3,rank,0.95,0.0,0.050000000000000044,0.0,0.0076158940397350995,0.003790868426184193,0.6446303291958986,0.6315066225165563,13.575147849250314,481.8594370860927,0.4390738010406494
DIN-Rerank,10,200,minmax,max,3,rank,0.95,0.03,0.020000000000000018,0.0,0.007119205298013245,0.0035705424696566394,0.6446303291958986,0.6623344370860927,13.741392373786068,440.65506622516557,0.4103713035583496
DIN-Rerank,10,200,minmax,max,3,rank,0.95,0.05,0.0,0.0,0.007119205298013245,0.0035489138150786373,0.6475984889368591,0.6854304635761589,13.866742298650426,406.7439072847682,0.46818113327026367
DIN-Rerank,10,200,minmax,max,3,rank,0.95,0.0,0.020000000000000018,0.03,0.007947019867549669,0.0038994080727453146,0.6462493254182406,0.6153476821192053,13.36504163637856,501.02023178807946,1.8641180992126465
DIN-Rerank,10,200,minmax,max,3,rank,0.95,0.0,0.0,0.05,0.008112582781456953,0.003965580060003192,0.6454398273070696,0.6063741721854304,13.252079406447757,511.2482119205298,1.9236741065979004
